-0.0872253, -0.15728
-0.0872215, -0.157276
-0.0872138, -0.157269
-0.0872024, -0.157257
-0.0871873, -0.157242
-0.0871687, -0.157224
-0.0871468, -0.157202
-0.0871219, -0.157177
-0.0870942, -0.157149
-0.0870641, -0.157119
-0.0870318, -0.157087
-0.0869977, -0.157053
-0.0869622, -0.157017
-0.0869255, -0.15698
-0.086888, -0.156943
-0.08685, -0.156905
-0.0868119, -0.156867
-0.0867738, -0.156829
-0.0867361, -0.156791
-0.086699, -0.156754
-0.0866626, -0.156718
-0.0866273, -0.156682
-0.086593, -0.156648
-0.08656, -0.156615
-0.0865284, -0.156583
-0.0864982, -0.156553
-0.0864695, -0.156524
-0.0864422, -0.156497
-0.0864165, -0.156471
-0.0864081, -0.156463
-0.0864044, -0.156459
-0.086405, -0.15646
-0.0864097, -0.156465
-0.0864179, -0.156473
-0.0864293, -0.156484
-0.0864432, -0.156498
-0.086459, -0.156514
-0.0864762, -0.156531
-0.0864942, -0.156549
-0.0865123, -0.156567
-0.0865298, -0.156585
-0.0865464, -0.156601
-0.0865613, -0.156616
-0.086574, -0.156629
-0.0865841, -0.156639
-0.0865909, -0.156646
-0.0865941, -0.156649
-0.0865931, -0.156648
-0.0865877, -0.156643
-0.0865774, -0.156632
-0.0865617, -0.156617
-0.0865406, -0.156595
-0.0865135, -0.156568
-0.0864803, -0.156535
-0.0864406, -0.156495
-0.0863943, -0.156449
-0.0863412, -0.156396
-0.0862811, -0.156336
-0.0862138, -0.156269
-0.0861392, -0.156194
-0.0860572, -0.156112
-0.0859676, -0.156023
-0.0858705, -0.155925
-0.0857656, -0.15582
-0.085653, -0.155708
-0.0855327, -0.155588
-0.0854046, -0.155459
-0.0852686, -0.155323
-0.0851249, -0.15518
-0.0849733, -0.155028
-0.084814, -0.154869
-0.084647, -0.154702
-0.0844722, -0.154527
-0.0842898, -0.154345
-0.0840997, -0.154155
-0.0839021, -0.153957
-0.083697, -0.153752
-0.0834846, -0.153539
-0.0832647, -0.15332
-0.0830376, -0.153092
-0.0828033, -0.152858
-0.082562, -0.152617
-0.0823136, -0.152368
-0.0820583, -0.152113
-0.0817962, -0.151851
-0.0815274, -0.151582
-0.0812526, -0.151307
-0.0809714, -0.151026
-0.080684, -0.150739
-0.0803904, -0.150445
-0.0800907, -0.150146
-0.0797852, -0.14984
-0.0794738, -0.149529
-0.0791566, -0.149211
-0.0788338, -0.148889
-0.0785055, -0.14856
-0.0781717, -0.148227
-0.077834, -0.147889
-0.0774903, -0.147545
-0.0771418, -0.147197
-0.0767884, -0.146843
-0.0764302, -0.146485
-0.0760675, -0.146122
-0.0757002, -0.145755
-0.0753286, -0.145383
-0.0749526, -0.145007
-0.0745725, -0.144627
-0.0741883, -0.144243
-0.0738001, -0.143855
-0.0734079, -0.143463
-0.0730119, -0.143067
-0.072612, -0.142667
-0.0722095, -0.142264
-0.0718021, -0.141857
-0.0713909, -0.141446
-0.0709759, -0.141031
-0.0705582, -0.140613
-0.0701355, -0.14019
-0.0697101, -0.139765
-0.0692829, -0.139338
-0.0688532, -0.138908
-0.068421, -0.138476
-0.0679864, -0.138041
-0.0675491, -0.137604
-0.0671093, -0.137164
-0.0666607, -0.136716
-0.0662094, -0.136264
-0.0657553, -0.13581
-0.0652985, -0.135353
-0.064839, -0.134894
-0.0643766, -0.134432
-0.0639115, -0.133966
-0.0634437, -0.133499
-0.0629732, -0.133028
-0.062491, -0.132546
-0.0620065, -0.132061
-0.0615197, -0.131575
-0.0610309, -0.131086
-0.0605402, -0.130595
-0.0600476, -0.130102
-0.0595532, -0.129608
-0.0590572, -0.129112
-0.0585598, -0.128615
-0.0580531, -0.128108
-0.0575452, -0.1276
-0.0570362, -0.127091
-0.0565262, -0.126581
-0.0560152, -0.12607
-0.0555035, -0.125558
-0.0549911, -0.125046
-0.0544782, -0.124533
-0.0539648, -0.12402
-0.053451, -0.123506
-0.0529345, -0.122989
-0.0524181, -0.122473
-0.0519018, -0.121957
-0.0513858, -0.121441
-0.0508702, -0.120925
-0.0503549, -0.12041
-0.0498401, -0.119895
-0.0493257, -0.119381
-0.0488119, -0.118867
-0.0482987, -0.118354
-0.0477867, -0.117842
-0.0472755, -0.11733
-0.046765, -0.11682
-0.0462553, -0.11631
-0.0457464, -0.115801
-0.0452384, -0.115293
-0.0447312, -0.114786
-0.0442249, -0.11428
-0.0437194, -0.113774
-0.0432149, -0.11327
-0.0427135, -0.112768
-0.0422127, -0.112268
-0.0417143, -0.111769
-0.0412171, -0.111272
-0.0407211, -0.110776
-0.0402263, -0.110281
-0.0397327, -0.109788
-0.0392402, -0.109295
-0.0387489, -0.108804
-0.0382587, -0.108314
-0.0377723, -0.107827
-0.0372877, -0.107343
-0.0368043, -0.106859
-0.036322, -0.106377
-0.0358409, -0.105896
-0.0353608, -0.105416
-0.0348818, -0.104937
-0.0344038, -0.104459
-0.0339269, -0.103982
-0.0334509, -0.103506
-0.0329788, -0.103034
-0.0325075, -0.102562
-0.0320371, -0.102092
-0.0315676, -0.101622
-0.0310989, -0.101154
-0.030631, -0.100686
-0.0301654, -0.10022
-0.0297006, -0.0997555
-0.0292382, -0.0992931
-0.0287768, -0.0988317
-0.0283164, -0.0983713
-0.0278563, -0.0979112
-0.0273985, -0.0974534
-0.0269417, -0.0969965
-0.0264858, -0.0965406
-0.026031, -0.0960858
-0.0255778, -0.0956327
-0.0251255, -0.0951804
-0.0246741, -0.094729
-0.0242229, -0.0942778
-0.0237739, -0.0938288
-0.0233259, -0.0933808
-0.0228788, -0.0929337
-0.0224326, -0.0924875
-0.0219873, -0.0920422
-0.0215428, -0.0915977
-0.0210992, -0.0911541
-0.0206563, -0.0907112
-0.0202141, -0.090269
-0.0197727, -0.0898275
-0.0193319, -0.0893868
-0.0188916, -0.0889465
-0.0184521, -0.088507
-0.0180132, -0.088068
-0.0175757, -0.0876305
-0.0171389, -0.0871938
-0.0167028, -0.0867576
-0.0162673, -0.0863222
-0.0158324, -0.0858873
-0.0153984, -0.0854533
-0.0149646, -0.0850195
-0.0145311, -0.084586
-0.0140983, -0.0841531
-0.0136665, -0.0837214
-0.0132352, -0.0832901
-0.0128043, -0.0828592
-0.0123738, -0.0824287
-0.0119436, -0.0819985
-0.011514, -0.0815689
-0.0110846, -0.0811395
-0.0106555, -0.0807104
-0.0102266, -0.0802815
-0.00979789, -0.0798528
-0.00936927, -0.0794242
-0.00894074, -0.0789956
-0.00851227, -0.0785671
-0.00808386, -0.0781387
-0.00765545, -0.0777103
-0.00722703, -0.0772819
-0.00679859, -0.0768535
-0.00637013, -0.076425
-0.00594253, -0.0759974
-0.00551523, -0.0755701
-0.0050882, -0.0751431
-0.00466144, -0.0747163
-0.00423492, -0.0742898
-0.00380864, -0.0738635
-0.00338258, -0.0734375
-0.0029574, -0.0730123
-0.00253248, -0.0725874
-0.0021078, -0.0721627
-0.00168336, -0.0717382
-0.00125914, -0.071314
-0.000835144, -0.07089
-0.000411353, -0.0704662
1.22326e-05, -0.0700426
0.000435619, -0.0696193
0.000858618, -0.0691963
0.00128148, -0.0687734
0.0017042, -0.0683507
0.00212679, -0.0679281
0.00254892, -0.067506
0.00297079, -0.0670841
0.00339241, -0.0666625
0.00381376, -0.0662411
0.00423485, -0.06582
0.00465567, -0.0653992
0.0050763, -0.0649786
0.00549582, -0.0645591
0.0059148, -0.0641401
0.00633324, -0.0637216
0.00675115, -0.0633037
0.00716851, -0.0628864
0.00758534, -0.0624695
0.00800125, -0.0620536
0.00841673, -0.0616382
0.00883135, -0.0612235
0.0092454, -0.0608095
0.00965888, -0.060396
0.0100718, -0.0599831
0.0104837, -0.0595712
0.010895, -0.0591598
0.0113053, -0.0587496
0.0117148, -0.0583401
0.0121236, -0.0579313
0.0125316, -0.0575232
0.012939, -0.0571158
0.0133459, -0.056709
0.0137519, -0.056303
0.0141575, -0.0558974
0.0145621, -0.0554927
0.0149661, -0.0550888
0.0153694, -0.0546854
0.0157721, -0.0542828
0.0161743, -0.0538806
0.0165751, -0.0534798
0.016975, -0.0530798
0.0173742, -0.0526806
0.0177727, -0.0522822
0.0181704, -0.0518845
0.0185673, -0.0514876
0.0189625, -0.0510924
0.0193572, -0.0506977
0.0197514, -0.0503034
0.0201452, -0.0499096
0.0205376, -0.0495173
0.0209287, -0.0491262
0.0213187, -0.0487362
0.021708, -0.0483469
0.0220961, -0.0479588
0.0224833, -0.0475716
0.0228696, -0.0471853
0.023255, -0.0467999
0.0236395, -0.0464154
0.0240232, -0.0460317
0.0244062, -0.0456487
0.0247882, -0.0452667
0.0251694, -0.0448855
0.0255498, -0.0445051
0.0259294, -0.0441255
0.0263083, -0.0437466
0.0266864, -0.0433685
0.0270637, -0.0429912
0.0274405, -0.0426143
0.0278163, -0.0422386
0.0281912, -0.0418637
0.0285653, -0.0414895
0.0289387, -0.0411162
0.0293112, -0.0407437
0.0296819, -0.040373
0.0300522, -0.0400027
0.0304211, -0.0396337
0.0307892, -0.0392656
0.0311565, -0.0388984
0.0315229, -0.0385319
0.031889, -0.0381659
0.0322538, -0.0378011
0.0326175, -0.0374373
0.0329803, -0.0370746
0.0333421, -0.0367128
0.0337029, -0.036352
0.0340628, -0.0359921
0.0344217, -0.0356331
0.0347798, -0.0352751
0.0351369, -0.034918
0.0354931, -0.0345617
0.0358488, -0.0342061
0.0362033, -0.0338516
0.036557, -0.0334979
0.0369099, -0.033145
0.0372623, -0.0327926
0.0376135, -0.0324413
0.037964, -0.0320908
0.0383138, -0.0317411
0.0386627, -0.0313922
0.0390112, -0.0310437
0.0393583, -0.0306965
0.0397047, -0.0303502
0.0400503, -0.0300046
0.040395, -0.0296599
0.040739, -0.0293159
0.0410811, -0.0289738
0.0414227, -0.0286321
0.0417631, -0.0282918
0.0421025, -0.0279523
0.0424412, -0.0276137
0.042779, -0.0272759
0.043116, -0.0269389
0.0434526, -0.0266023
0.0437883, -0.0262666
0.0441229, -0.025932
0.0444568, -0.0255981
0.04479, -0.0252649
0.0451224, -0.0249325
0.045453, -0.0246018
0.0457827, -0.0242722
0.0461114, -0.0239434
0.0464393, -0.0236156
0.0467663, -0.0232886
0.0470923, -0.0229625
0.0474176, -0.0226373
0.047742, -0.0223129
0.0480656, -0.0219893
0.0483884, -0.0216665
0.0487104, -0.0213444
0.0490317, -0.0210232
0.0493522, -0.0207027
0.0496719, -0.020383
0.0499911, -0.0200637
0.0503094, -0.0197455
0.050627, -0.0194279
0.0509438, -0.0191111
0.0512597, -0.0187952
0.0515748, -0.0184801
0.0518892, -0.0181657
0.0522022, -0.0178527
0.0525143, -0.0175406
0.0528255, -0.0172294
0.0531358, -0.016919
0.0534453, -0.0166095
0.053754, -0.0163009
0.0540619, -0.015993
0.0543689, -0.015686
0.0546751, -0.0153798
0.0549807, -0.0150742
0.0552854, -0.0147695
0.0555895, -0.0144653
0.055893, -0.0141619
0.0561957, -0.0138592
0.0564964, -0.0135585
0.0567961, -0.0132588
0.0570949, -0.01296
0.057393, -0.0126619
0.0576899, -0.012365
0.0579859, -0.012069
0.058281, -0.0117739
0.0585752, -0.0114797
0.0588686, -0.0111863
0.0591611, -0.0108938
0.0594527, -0.0106022
0.0597436, -0.0103113
0.0600336, -0.0100213
0.0603229, -0.00973201
0.0606114, -0.00944352
0.0608991, -0.00915581
0.061186, -0.00886884
0.0614725, -0.00858237
0.061758, -0.00829687
0.0620428, -0.00801211
0.0623271, -0.00772779
0.0626104, -0.00744449
0.0628932, -0.00716167
0.0631749, -0.00687997
0.0634558, -0.00659904
0.063736, -0.00631889
0.0640146, -0.00604032
0.0642922, -0.00576265
0.064569, -0.00548588
0.0648449, -0.00520999
0.0651199, -0.00493495
0.0653943, -0.00466063
0.0656676, -0.00438725
0.0659402, -0.00411472
0.0662119, -0.00384301
0.0664828, -0.00357211
0.0667529, -0.00330202
0.0670222, -0.00303272
0.0672907, -0.00276419
0.0675584, -0.00249648
0.0678253, -0.00222961
0.0680908, -0.00196409
0.0683553, -0.00169954
0.0686189, -0.00143593
0.0688819, -0.00117298
0.0691437, -0.000911223
0.0694049, -0.000650019
0.0696648, -0.000390066
0.0699239, -0.000131003
0.0701821, 0.000127186
0.0704394, 0.000384514
0.0706959, 0.000640994
0.0709515, 0.00089664
0.0712063, 0.00115146
0.0714604, 0.00140547
0.0717136, 0.00165868
0.071966, 0.0019111
0.0722176, 0.00216274
0.0724685, 0.0024136
0.0727186, 0.0026637
0.0729679, 0.00291304
0.0732165, 0.00316164
0.0734644, 0.00340951
0.0737115, 0.00365664
0.0739582, 0.00390329
0.0742039, 0.00414899
0.0744488, 0.00439395
0.0746931, 0.00463817
0.0749366, 0.00488167
0.0751793, 0.00512444
0.0754217, 0.00536685
0.0756634, 0.00560851
0.0759034, 0.00584853
0.0761425, 0.00608763
0.0763807, 0.00632582
0.076618, 0.00656311
0.0768544, 0.00679952
0.0770899, 0.00703504
0.0773246, 0.00726971
0.0775584, 0.00750352
0.0777914, 0.00773649
0.0780235, 0.00796864
0.0782548, 0.00819996
0.0784854, 0.00843048
0.0787151, 0.0086602
0.078944, 0.00888914
0.0791722, 0.0091173
0.0793996, 0.00934469
0.0796263, 0.00957146
0.0798522, 0.00979737
0.0800773, 0.0100225
0.0803016, 0.0102467
0.0805251, 0.0104702
0.0807476, 0.0106927
0.0809691, 0.0109143
0.0811897, 0.0111349
0.0814094, 0.0113545
0.0816281, 0.0115733
0.081846, 0.0117911
0.0820629, 0.012008
0.0822789, 0.012224
0.082494, 0.0124391
0.0827083, 0.0126534
0.0829216, 0.0128668
0.0831342, 0.0130793
0.0833458, 0.013291
0.0835567, 0.0135018
0.0837667, 0.0137118
0.0839759, 0.013921
0.0841843, 0.0141294
0.0843919, 0.014337
0.084599, 0.0145441
0.084805, 0.0147501
0.0850102, 0.0149554
0.0852147, 0.0151598
0.0854184, 0.0153635
0.0856214, 0.0155665
0.0858236, 0.0157687
0.086025, 0.0159701
0.0862257, 0.0161709
0.0864258, 0.0163709
0.086625, 0.0165702
0.0868236, 0.0167687
0.0870215, 0.0169666
0.0872186, 0.0171638
0.0874151, 0.0173602
0.0876109, 0.017556
0.087806, 0.0177511
0.0880004, 0.0179455
0.0881942, 0.0181393
0.0883873, 0.0183324
0.0885797, 0.0185248
0.0887712, 0.0187163
0.0889618, 0.0189069
0.0891516, 0.0190967
0.0893404, 0.0192855
0.0895283, 0.0194734
0.0897153, 0.0196604
0.0899014, 0.0198465
0.0900866, 0.0200318
0.090271, 0.0202161
0.0904545, 0.0203996
0.0906371, 0.0205822
0.0908188, 0.020764
0.0909998, 0.0209449
0.0911799, 0.021125
0.0913591, 0.0213043
0.0915376, 0.0214827
0.0917153, 0.0216604
0.0918921, 0.0218372
0.0920682, 0.0220133
0.0922435, 0.0221886
0.092418, 0.0223631
0.0925917, 0.0225368
0.0927647, 0.0227098
0.0929369, 0.0228821
0.0931084, 0.0230535
0.0932792, 0.0232243
0.0934492, 0.0233943
0.0936185, 0.0235636
0.093787, 0.0237321
0.0939549, 0.0239
0.094122, 0.0240671
0.0942884, 0.0242336
0.0944542, 0.0243993
0.0946192, 0.0245643
0.0947836, 0.0247287
0.0949472, 0.0248924
0.0951102, 0.0250553
0.0952725, 0.0252176
0.0954342, 0.0253793
0.095595, 0.0255401
0.095755, 0.0257001
0.095914, 0.0258592
0.0960722, 0.0260173
0.0962295, 0.0261746
0.0963858, 0.026331
0.0965413, 0.0264864
0.0966959, 0.026641
0.0968496, 0.0267948
0.0970025, 0.0269476
0.0971545, 0.0270996
0.0973057, 0.0272508
0.097456, 0.0274011
0.0976055, 0.0275506
0.0977542, 0.0276993
0.097902, 0.0278472
0.0980491, 0.0279942
0.0981953, 0.0281405
0.0983408, 0.0282859
0.0984855, 0.0284306
0.0986294, 0.0285745
0.0987725, 0.0287176
0.0989149, 0.02886
0.0990564, 0.0290016
0.0991973, 0.0291424
0.0993374, 0.0292825
0.0994767, 0.0294219
0.0996153, 0.0295605
0.0997532, 0.0296983
0.0998904, 0.0298355
0.100027, 0.0299719
0.100163, 0.0301076
0.100298, 0.0302426
0.100432, 0.0303769
0.100565, 0.0305105
0.100698, 0.0306434
0.10083, 0.0307756
0.100962, 0.0309071
0.101093, 0.0310379
0.101223, 0.031168
0.101352, 0.0312974
0.101481, 0.0314261
0.101609, 0.0315542
0.101736, 0.0316816
0.101863, 0.0318083
0.101989, 0.0319343
0.102115, 0.0320597
0.102239, 0.0321844
0.102363, 0.0323084
0.102487, 0.0324318
0.102609, 0.0325544
0.102731, 0.0326765
0.102853, 0.0327978
0.102973, 0.0329185
0.103093, 0.0330386
0.103213, 0.033158
0.103332, 0.0332767
0.10345, 0.0333948
0.103567, 0.0335122
0.103684, 0.033629
0.1038, 0.0337451
0.103915, 0.0338606
0.10403, 0.0339754
0.104144, 0.0340895
0.104258, 0.034203
0.104371, 0.0343159
0.104483, 0.0344281
0.104595, 0.0345397
0.104705, 0.0346506
0.104816, 0.0347608
0.104925, 0.0348704
0.105034, 0.0349794
0.105143, 0.0350877
0.10525, 0.0351953
0.105357, 0.0353023
0.105464, 0.0354087
0.105569, 0.0355144
0.105674, 0.0356194
0.105779, 0.0357239
0.105882, 0.0358276
0.105986, 0.0359307
0.106088, 0.0360332
0.10619, 0.036135
0.106291, 0.0362361
0.106392, 0.0363367
0.106491, 0.0364365
0.106591, 0.0365357
0.106689, 0.0366343
0.106787, 0.0367322
0.106884, 0.0368295
0.106981, 0.0369261
0.107077, 0.0370221
0.107172, 0.0371174
0.107267, 0.0372121
0.107361, 0.0373061
0.107454, 0.0373995
0.107547, 0.0374922
0.107639, 0.0375842
0.107731, 0.0376756
0.107821, 0.0377664
0.107911, 0.0378565
0.108001, 0.0379459
0.10809, 0.0380347
0.108178, 0.0381228
0.108265, 0.0382103
0.108352, 0.0382971
0.108438, 0.0383833
0.108524, 0.0384688
0.108608, 0.0385536
0.108693, 0.0386378
0.108776, 0.0387213
0.108859, 0.0388042
0.108941, 0.0388864
0.109023, 0.0389679
0.109104, 0.0390488
0.109184, 0.039129
0.109263, 0.0392085
0.109342, 0.0392874
0.10942, 0.0393656
0.109498, 0.0394432
0.109575, 0.03952
0.109651, 0.0395963
0.109727, 0.0396718
0.109802, 0.0397467
0.109876, 0.0398209
0.109949, 0.0398944
0.110022, 0.0399673
0.110094, 0.0400395
0.110166, 0.0401114
0.110237, 0.0401822
0.110307, 0.0402524
0.110377, 0.040322
0.110446, 0.0403909
0.110514, 0.0404591
0.110582, 0.0405266
0.110648, 0.0405935
0.110715, 0.0406597
0.11078, 0.0407253
0.110845, 0.0407901
0.110909, 0.0408543
0.110973, 0.0409179
0.111036, 0.0409807
0.111098, 0.0410429
0.111159, 0.0411044
0.11122, 0.0411652
0.11128, 0.0412254
0.11134, 0.0412848
0.111399, 0.0413436
0.111457, 0.0414018
0.111514, 0.0414592
0.111571, 0.0415159
0.111627, 0.0415726
0.111684, 0.0416288
0.111739, 0.0416846
0.111795, 0.0417399
0.11185, 0.0417947
0.111904, 0.0418491
0.111958, 0.0419034
0.112012, 0.0419569
0.112065, 0.0420098
0.112117, 0.0420623
0.112169, 0.0421143
0.112221, 0.0421658
0.112272, 0.0422168
0.112322, 0.0422672
0.112372, 0.0423172
0.112422, 0.0423668
0.112471, 0.0424161
0.112519, 0.0424645
0.112567, 0.0425124
0.112615, 0.0425598
0.112661, 0.0426065
0.112708, 0.0426528
0.112753, 0.0426984
0.112798, 0.0427435
0.112843, 0.042788
0.112887, 0.0428318
0.11293, 0.0428752
0.112973, 0.0429179
0.113015, 0.04296
0.113056, 0.0430015
0.113097, 0.0430423
0.113137, 0.0430826
0.113177, 0.0431223
0.113216, 0.0431613
0.113255, 0.0431997
0.113292, 0.0432374
0.113329, 0.0432746
0.113366, 0.043311
0.113402, 0.0433469
0.113437, 0.0433821
0.113472, 0.0434166
0.113505, 0.0434505
0.113539, 0.0434837
0.113571, 0.0435163
0.113603, 0.0435482
0.113634, 0.0435794
0.113665, 0.0436104
0.113696, 0.043641
0.113727, 0.0436716
0.113756, 0.0437014
0.113786, 0.0437308
0.113815, 0.0437597
0.113843, 0.0437881
0.113871, 0.0438161
0.113899, 0.0438438
0.113926, 0.0438708
0.113953, 0.0438977
0.113979, 0.0439238
0.114004, 0.0439495
0.11403, 0.0439747
0.114054, 0.0439993
0.114078, 0.0440234
0.114102, 0.044047
0.114125, 0.0440701
0.114147, 0.0440926
0.114169, 0.0441145
0.114191, 0.0441359
0.114212, 0.0441567
0.114232, 0.0441769
0.114251, 0.0441966
0.114271, 0.0442156
0.114289, 0.0442341
0.114307, 0.044252
0.114324, 0.0442696
0.114341, 0.0442863
0.114357, 0.0443024
0.114373, 0.0443178
0.114388, 0.0443327
0.114402, 0.0443469
0.114415, 0.0443605
0.114428, 0.0443735
0.114441, 0.0443858
0.114453, 0.0443979
0.114465, 0.0444102
0.114477, 0.0444225
0.11449, 0.0444347
0.114501, 0.0444457
0.114511, 0.0444562
0.114522, 0.0444666
0.114531, 0.0444763
0.11454, 0.0444856
0.114549, 0.0444943
0.114557, 0.0445026
0.114565, 0.0445103
0.114572, 0.0445175
0.114579, 0.0445243
0.114585, 0.0445304
0.114591, 0.0445361
0.114596, 0.0445412
0.114601, 0.0445457
0.114605, 0.0445497
0.114608, 0.0445531
0.114611, 0.044556
0.114613, 0.0445582
0.114615, 0.0445599
0.114616, 0.0445609
0.114616, 0.0445614
0.114616, 0.0445612
0.114615, 0.0445604
0.114614, 0.0445594
0.114613, 0.0445578
0.114611, 0.0445561
0.114609, 0.0445541
0.114607, 0.0445516
0.114604, 0.0445487
0.1146, 0.0445454
0.114597, 0.044542
0.114593, 0.0445383
0.114589, 0.0445343
0.114584, 0.0445293
0.114579, 0.0445238
0.114573, 0.0445177
0.114566, 0.0445112
0.114559, 0.0445041
0.114552, 0.0444968
0.114544, 0.0444887
0.114535, 0.0444801
0.114526, 0.0444709
0.114516, 0.0444611
0.114506, 0.0444508
0.114495, 0.0444399
0.114483, 0.0444285
0.114471, 0.0444164
0.114459, 0.0444038
0.114445, 0.0443905
0.114432, 0.044377
0.11442, 0.0443648
0.114408, 0.0443527
0.114395, 0.0443402
0.114383, 0.0443276
0.114368, 0.0443135
0.114354, 0.0442988
0.114339, 0.0442837
0.114323, 0.044268
0.114307, 0.0442519
0.11429, 0.0442353
0.114273, 0.0442182
0.114255, 0.0442006
0.114237, 0.0441824
0.114219, 0.0441637
0.114199, 0.0441445
0.11418, 0.0441247
0.114159, 0.0441044
0.114138, 0.0440835
0.114117, 0.0440621
0.114095, 0.0440401
0.114073, 0.044018
0.114051, 0.043996
0.114029, 0.0439741
0.114006, 0.0439512
0.113983, 0.0439282
0.11396, 0.0439047
0.113936, 0.0438809
0.113912, 0.0438566
0.113887, 0.0438319
0.113862, 0.0438068
0.113836, 0.0437812
0.11381, 0.0437551
0.113783, 0.0437285
0.113756, 0.0437014
0.113729, 0.0436738
0.113701, 0.0436457
0.113672, 0.043617
0.113643, 0.0435878
0.113613, 0.0435581
0.113583, 0.0435278
0.113552, 0.0434969
0.11352, 0.0434654
0.113488, 0.0434336
0.113458, 0.0434027
0.113427, 0.0433718
0.113396, 0.0433409
0.113365, 0.04331
0.113332, 0.0432774
0.113299, 0.0432443
0.113266, 0.0432107
0.113232, 0.0431767
0.113197, 0.0431422
0.113162, 0.0431073
0.113127, 0.0430718
0.113091, 0.0430358
0.113054, 0.0429993
0.113017, 0.0429623
0.11298, 0.0429247
0.112942, 0.042887
0.112903, 0.0428485
0.112864, 0.0428094
0.112826, 0.0427709
0.112787, 0.042732
0.112748, 0.0426927
0.112708, 0.0426531
0.112668, 0.042613
0.112627, 0.0425726
0.112587, 0.0425317
0.112545, 0.0424904
0.112504, 0.0424486
0.112462, 0.0424067
0.112419, 0.0423641
0.112376, 0.0423209
0.112332, 0.0422773
0.112288, 0.0422332
0.112243, 0.0421885
0.112198, 0.0421433
0.112152, 0.0420976
0.112106, 0.0420513
0.11206, 0.0420048
0.112014, 0.0419593
0.111969, 0.0419139
0.111924, 0.0418691
0.111879, 0.0418237
0.111834, 0.041779
0.111787, 0.0417322
0.11174, 0.0416851
0.111692, 0.0416376
0.111644, 0.0415889
0.111595, 0.0415396
0.111545, 0.04149
0.111495, 0.0414398
0.111444, 0.041389
0.111393, 0.0413381
0.111342, 0.0412872
0.111292, 0.0412369
0.111241, 0.0411865
0.111191, 0.041136
0.111139, 0.041084
0.111087, 0.0410321
0.111035, 0.04098
0.110983, 0.0409276
0.110929, 0.0408742
0.110875, 0.0408203
0.110821, 0.0407659
0.110766, 0.0407111
0.110711, 0.0406558
0.110655, 0.0406
0.110599, 0.040544
0.110542, 0.0404873
0.110485, 0.04043
0.110427, 0.0403723
0.110371, 0.0403161
0.110315, 0.04026
0.110259, 0.0402046
0.110203, 0.0401486
0.110146, 0.0400907
0.110087, 0.0400323
0.110028, 0.0399735
0.109969, 0.0399142
0.109909, 0.0398544
0.109849, 0.0397942
0.109788, 0.0397335
0.109728, 0.0396727
0.109666, 0.0396111
0.109604, 0.0395491
0.109543, 0.039488
0.109482, 0.0394269
0.109421, 0.0393665
0.109361, 0.039306
0.109299, 0.0392445
0.109238, 0.0391828
0.109176, 0.0391208
0.109112, 0.0390572
0.109048, 0.0389932
0.108984, 0.0389287
0.108919, 0.0388638
0.108854, 0.0387986
0.108788, 0.0387332
0.108722, 0.0386669
0.108655, 0.0386
0.108588, 0.0385327
0.108523, 0.0384681
0.108458, 0.0384029
0.108393, 0.0383377
0.108327, 0.0382726
0.108262, 0.0382074
0.108195, 0.0381402
0.108127, 0.0380726
0.10806, 0.0380047
0.107991, 0.0379358
0.107921, 0.0378664
0.107851, 0.0377965
0.107784, 0.0377288
0.107715, 0.0376602
0.107647, 0.0375918
0.107578, 0.0375233
0.107508, 0.0374535
0.107438, 0.0373833
0.107368, 0.0373127
0.107297, 0.0372418
0.107225, 0.0371706
0.107154, 0.0370988
0.107082, 0.0370266
0.107009, 0.036954
0.106936, 0.0368809
0.106862, 0.0368073
0.106788, 0.0367336
0.106714, 0.0366592
0.106639, 0.0365842
0.106566, 0.0365107
0.106492, 0.0364371
0.106418, 0.0363636
0.106345, 0.0362901
0.10627, 0.0362151
0.106194, 0.0361396
0.106119, 0.0360637
0.106042, 0.0359873
0.105966, 0.0359109
0.105889, 0.0358338
0.105811, 0.0357562
0.105735, 0.0356798
0.105658, 0.0356033
0.105582, 0.0355268
0.105505, 0.0354502
0.105427, 0.0353723
0.105349, 0.035294
0.10527, 0.0352153
0.105191, 0.0351362
0.105112, 0.0350567
0.105032, 0.0349768
0.104951, 0.0348964
0.104871, 0.0348158
0.104789, 0.0347345
0.104708, 0.0346526
0.104625, 0.0345703
0.104545, 0.0344899
0.104464, 0.0344095
0.104383, 0.0343283
0.104303, 0.034248
0.10422, 0.0341655
0.104138, 0.0340827
0.104054, 0.0339995
0.103971, 0.0339158
0.103886, 0.0338316
0.103802, 0.0337473
0.103718, 0.0336629
0.103634, 0.0335791
0.10355, 0.0334952
0.103467, 0.033412
0.103383, 0.033328
0.103298, 0.0332427
0.103212, 0.0331571
0.103126, 0.0330711
0.103039, 0.0329846
0.102953, 0.0328977
0.102865, 0.0328104
0.102778, 0.0327229
0.10269, 0.0326347
0.102601, 0.032546
0.102512, 0.0324568
0.102422, 0.0323668
0.102334, 0.0322789
0.102246, 0.0321913
0.102158, 0.0321034
0.10207, 0.0320147
0.10198, 0.0319256
0.101891, 0.031836
0.101801, 0.031746
0.101711, 0.0316556
0.10162, 0.0315647
0.101529, 0.0314737
0.101439, 0.0313842
0.101349, 0.0312946
0.10126, 0.0312049
0.101171, 0.0311159
0.101081, 0.0310262
0.100991, 0.0309363
0.100901, 0.0308464
0.100809, 0.0307542
0.100717, 0.0306618
0.100624, 0.0305691
0.100531, 0.030476
0.100436, 0.0303816
0.100345, 0.0302897
0.100252, 0.030197
0.100158, 0.0301035
0.100065, 0.0300098
0.0999706, 0.0299158
0.0998762, 0.0298213
0.0997813, 0.0297265
0.0996861, 0.0296312
0.0995904, 0.0295355
0.0994945, 0.0294397
0.099398, 0.0293431
0.099301, 0.0292461
0.0992063, 0.0291515
0.099111, 0.0290562
0.0990157, 0.0289608
0.0989202, 0.0288653
0.0988246, 0.0287698
0.098729, 0.0286741
0.0986316, 0.0285767
0.098534, 0.0284791
0.0984361, 0.0283812
0.0983378, 0.028283
0.0982388, 0.0281839
0.0981408, 0.0280859
0.0980428, 0.0279879
0.0979449, 0.02789
0.0978469, 0.027792
0.0977489, 0.027694
0.0976493, 0.0275944
0.0975491, 0.0274942
0.0974486, 0.0273937
0.0973476, 0.0272927
0.0972461, 0.0271913
0.0971446, 0.0270897
0.0970457, 0.0269908
0.0969461, 0.0268912
0.0968465, 0.0267917
0.0967469, 0.026692
0.0966472, 0.0265923
0.0965474, 0.0264925
0.0964475, 0.0263926
0.0963474, 0.0262926
0.0962462, 0.0261913
0.0961442, 0.0260893
0.0960443, 0.0259895
0.0959453, 0.0258904
0.0958463, 0.0257914
0.0957467, 0.0256918
0.095647, 0.0255921
0.0955472, 0.0254924
0.0954474, 0.0253925
0.0953475, 0.0252926
0.0952474, 0.0251925
0.0951472, 0.0250923
0.0950468, 0.0249919
0.0949473, 0.0248924
0.094847, 0.0247921
0.094746, 0.0246911
0.0946456, 0.0245907
0.0945451, 0.0244902
0.0944445, 0.0243896
0.0943437, 0.0242888
0.0942428, 0.0241879
0.0941416, 0.0240868
0.0940397, 0.0239848
0.0939377, 0.0238828
0.0938357, 0.0237808
0.0937336, 0.0236788
0.0936315, 0.0235767
0.0935294, 0.0234745
0.0934272, 0.0233723
0.0933249, 0.02327
0.0932225, 0.0231676
0.0931199, 0.023065
0.0930169, 0.022962
0.0929138, 0.022859
0.0928107, 0.0227559
0.0927076, 0.0226527
0.0926044, 0.0225495
0.0925011, 0.0224462
0.0923977, 0.0223428
0.0922942, 0.0222393
0.0921905, 0.0221356
0.0920867, 0.0220319
0.091983, 0.0219281
0.0918792, 0.0218244
0.0917755, 0.0217206
0.0916717, 0.0216169
0.091568, 0.0215131
0.0914641, 0.0214092
0.0913602, 0.0213053
0.0912562, 0.0212014
0.0911523, 0.0210974
0.0910483, 0.0209934
0.0909443, 0.0208894
0.0908403, 0.0207854
0.0907362, 0.0206813
0.090632, 0.0205771
0.0905277, 0.0204728
0.0904233, 0.0203684
0.0903187, 0.0202638
0.090214, 0.0201591
0.0901086, 0.0200538
0.090004, 0.0199491
0.0898993, 0.0198444
0.0897946, 0.0197397
0.0896897, 0.0196349
0.0895848, 0.01953
0.0894798, 0.0194249
0.0893747, 0.0193198
0.0892694, 0.0192145
0.089164, 0.0191091
0.0890586, 0.0190037
0.0889532, 0.0188983
0.0888476, 0.0187927
0.0887419, 0.0186871
0.0886361, 0.0185813
0.0885302, 0.0184753
0.0884241, 0.0183692
0.0883178, 0.018263
0.0882113, 0.0181565
0.0881042, 0.0180493
0.087997, 0.0179421
0.0878897, 0.0178348
0.0877823, 0.0177275
0.0876748, 0.01762
0.0875672, 0.0175123
0.0874594, 0.0174045
0.0873514, 0.0172966
0.0872433, 0.0171884
0.0871347, 0.0170798
0.087026, 0.0169711
0.0869172, 0.0168623
0.0868082, 0.0167534
0.0866992, 0.0166443
0.0865899, 0.016535
0.0864805, 0.0164256
0.0863708, 0.016316
0.086261, 0.0162061
0.0861511, 0.0160962
0.0860412, 0.0159863
0.0859311, 0.0158762
0.085821, 0.0157661
0.0857107, 0.0156558
0.0856002, 0.0155453
0.0854896, 0.0154347
0.0853787, 0.0153239
0.0852688, 0.0152139
0.0851582, 0.0151033
0.0850474, 0.0149926
0.0849365, 0.0148817
0.0848255, 0.0147706
0.0847142, 0.0146593
0.0846026, 0.0145478
0.0844909, 0.014436
0.0843788, 0.0143239
0.084266, 0.0142112
0.0841531, 0.0140982
0.08404, 0.0139852
0.0839268, 0.0138719
0.0838133, 0.0137584
0.0836996, 0.0136447
0.0835856, 0.0135307
0.0834714, 0.0134165
0.0833568, 0.0133019
0.0832417, 0.0131868
0.0831263, 0.0130714
0.0830107, 0.0129559
0.0828949, 0.01284
0.0827788, 0.0127239
0.0826625, 0.0126076
0.0825458, 0.0124909
0.0824288, 0.0123739
0.082311, 0.0122561
0.082193, 0.0121381
0.0820747, 0.0120198
0.0819563, 0.0119014
0.0818376, 0.0117827
0.0817186, 0.0116637
0.0815993, 0.0115444
0.0814798, 0.0114249
0.0813596, 0.0113048
0.0812388, 0.0111839
0.0811184, 0.0110635
0.0809977, 0.0109428
0.0808767, 0.0108218
0.0807555, 0.0107006
0.080634, 0.0105791
0.0805122, 0.0104573
0.0803899, 0.010335
0.0802673, 0.0102125
0.0801446, 0.0100897
0.0800217, 0.00996685
0.0798986, 0.00984373
0.0797753, 0.00972039
0.0796513, 0.00959637
0.0795275, 0.0094726
0.0794034, 0.00934856
0.0792788, 0.00922395
0.079154, 0.00909916
0.0790291, 0.00897419
0.0789039, 0.00884901
0.0787785, 0.00872361
0.0786528, 0.00859797
0.0785269, 0.00847207
0.0784008, 0.00834589
0.0782743, 0.00821942
0.0781471, 0.00809226
0.0780198, 0.00796496
0.0778924, 0.0078375
0.0777647, 0.00770987
0.0776369, 0.00758204
0.0775089, 0.007454
0.0773806, 0.00732573
0.0772521, 0.00719719
0.0771233, 0.00706839
0.076994, 0.00693917
0.0768647, 0.00680979
0.0767351, 0.00668024
0.0766054, 0.00655052
0.0764755, 0.00642059
0.0763453, 0.00629044
0.0762149, 0.00616004
0.0760843, 0.00602939
0.0759532, 0.00589834
0.075822, 0.00576717
0.0756907, 0.00563586
0.0755593, 0.0055044
0.0754276, 0.00537277
0.0752958, 0.00524095
0.0751638, 0.00510892
0.0750315, 0.00497665
0.0748991, 0.00484424
0.0747666, 0.00471171
0.0746339, 0.00457903
0.0745011, 0.0044462
0.0743681, 0.0043132
0.0742349, 0.00418
0.0741011, 0.00404622
0.073967, 0.00391213
0.0738325, 0.00377762
0.0736974, 0.00364255
0.0735622, 0.00350736
0.0734267, 0.00337179
0.0732907, 0.00323584
0.0731543, 0.00309947
0.0730175, 0.00296266
0.0728805, 0.00282566
0.072743, 0.00268811
0.0726071, 0.00255222
0.0724712, 0.00241627
0.0723351, 0.00228026
0.072199, 0.00214414
0.0720628, 0.00200789
0.0719264, 0.0018715
0.071792, 0.00173708
0.0716568, 0.00160196
0.0715216, 0.00146677
0.0713863, 0.00133146
0.0712509, 0.00119602
0.0711153, 0.00106042
0.0709795, 0.000924634
0.0708435, 0.000788643
0.070707, 0.000652079
0.0705706, 0.00051572
0.070434, 0.000379108
0.0702981, 0.00024326
0.0701617, 0.000106833
0.0700252, -2.97339e-05
0.0698884, -0.000166457
0.0697515, -0.000303356
0.0696144, -0.000440447
0.0694771, -0.000577749
0.0693396, -0.000715282
0.0692018, -0.000853064
0.0690629, -0.000991979
0.0689238, -0.00113104
0.0687846, -0.00127026
0.0686452, -0.00140964
0.0685057, -0.00154921
0.0683659, -0.00168898
0.0682259, -0.00182897
0.0680854, -0.00196948
0.0679453, -0.00210955
0.0678052, -0.00224968
0.067665, -0.00238988
0.0675247, -0.00253017
0.0673843, -0.00267056
0.0672446, -0.00281025
0.0671049, -0.00294994
0.0669652, -0.00308965
0.0668255, -0.00322941
0.0666856, -0.00336925
0.0665457, -0.00350918
0.0664056, -0.00364923
0.0662655, -0.00378943
0.0661251, -0.00392979
0.0659854, -0.00406951
0.0658456, -0.00420927
0.0657058, -0.00434909
0.0655659, -0.004489
0.0654259, -0.00462901
0.0652854, -0.00476953
0.0651451, -0.00490976
0.0650047, -0.00505015
0.0648642, -0.00519072
0.0647234, -0.00533153
0.0645825, -0.0054724
0.0644415, -0.00561336
0.0643004, -0.00575443
0.0641593, -0.00589562
0.0640179, -0.00603696
0.0638764, -0.00617846
0.0637347, -0.00632014
0.0635929, -0.00646203
0.063451, -0.00660384
0.0633092, -0.0067457
0.0631672, -0.00688764
0.0630252, -0.00702967
0.0628831, -0.00717181
0.0627408, -0.00731408
0.0625984, -0.00745649
0.062456, -0.00759886
0.0623136, -0.00774125
0.0621712, -0.00788368
0.0620287, -0.00802618
0.0618861, -0.00816875
0.0617434, -0.00831143
0.0616006, -0.00845424
0.0614577, -0.00859719
0.0613146, -0.0087403
0.0611723, -0.00888255
0.0610301, -0.00902479
0.0608878, -0.00916705
0.0607455, -0.00930934
0.0606032, -0.00945169
0.0604608, -0.00959412
0.0603182, -0.00973665
0.0601756, -0.00987931
0.0600328, -0.0100221
0.0598899, -0.0101649
0.0597471, -0.0103078
0.0596041, -0.0104507
0.0594611, -0.0105937
0.059318, -0.0107369
0.0591748, -0.0108801
0.0590314, -0.0110235
0.0588887, -0.0111661
0.0587461, -0.0113088
0.0586035, -0.0114514
0.0584608, -0.0115941
0.0583182, -0.0117367
0.0581755, -0.0118794
0.0580327, -0.0120222
0.0578905, -0.0121644
0.0577483, -0.0123065
0.0576062, -0.0124487
0.0574641, -0.0125908
0.057322, -0.0127329
0.0571799, -0.012875
0.0570377, -0.0130172
0.0568955, -0.0131594
0.0567532, -0.0133017
0.0566117, -0.0134431
0.0564704, -0.0135845
0.0563291, -0.0137258
0.0561878, -0.0138671
0.0560465, -0.0140083
0.0559052, -0.0141497
0.0557638, -0.014291
0.0556224, -0.0144324
0.0554811, -0.0145738
0.0553397, -0.0147152
0.0551983, -0.0148566
0.0550565, -0.0149984
0.0549151, -0.0151398
0.0547736, -0.0152813
0.054632, -0.0154229
0.0544927, -0.0155622
0.0543531, -0.0157018
0.054213, -0.0158418
0.0540733, -0.0159816
0.0539336, -0.0161213
0.0537938, -0.0162611
0.053654, -0.0164009
0.053514, -0.0165409
0.0533744, -0.0166805
0.0532348, -0.0168201
0.0530952, -0.0169597
0.0529555, -0.0170994
0.0528158, -0.0172391
0.052676, -0.0173789
0.0525361, -0.0175188
0.0523961, -0.0176588
0.0522559, -0.0177989
0.0521163, -0.0179386
0.0519767, -0.0180781
0.0518372, -0.0182177
0.0516972, -0.0183577
0.0515577, -0.0184972
0.051418, -0.0186368
0.0512785, -0.0187764
0.0511389, -0.018916
0.0509994, -0.0190555
0.0508599, -0.019195
0.0507203, -0.0193345
0.0505807, -0.0194741
0.0504408, -0.0196141
0.0503, -0.0197548
0.050159, -0.0198959
0.0500176, -0.0200372
0.0498779, -0.020177
0.0497388, -0.0203161
0.0495993, -0.0204555
0.0494599, -0.020595
0.0493204, -0.0207344
0.0491822, -0.0208727
0.0490439, -0.0210109
0.0489058, -0.0211491
0.0487677, -0.0212872
0.0486295, -0.0214253
0.0484914, -0.0215635
0.0483532, -0.0217017
0.0482149, -0.0218399
0.0480766, -0.0219783
0.0479381, -0.0221168
0.0478004, -0.0222544
0.0476625, -0.0223924
0.0475249, -0.0225299
0.0473874, -0.0226674
0.0472499, -0.0228049
0.0471124, -0.0229424
0.0469749, -0.02308
0.0468373, -0.0232176
0.0466996, -0.0233553
0.0465619, -0.0234929
0.0464243, -0.0236306
0.0462866, -0.0237683
0.0461488, -0.0239061
0.046011, -0.0240439
0.0458731, -0.0241818
0.0457351, -0.0243198
0.045597, -0.0244579
0.0454601, -0.0245948
0.0453232, -0.0247317
0.0451865, -0.0248684
0.0450497, -0.0250051
0.044913, -0.0251418
0.0447763, -0.0252785
0.0446397, -0.0254151
0.0445032, -0.0255517
0.0443666, -0.0256882
0.0442301, -0.0258248
0.0440936, -0.0259613
0.043957, -0.0260979
0.0438201, -0.0262347
0.0436827, -0.0263722
0.0435451, -0.0265098
0.0434073, -0.0266476
0.0432707, -0.0267842
0.0431348, -0.0269201
0.0429987, -0.0270561
0.0428624, -0.0271925
0.0427274, -0.0273274
0.0425926, -0.0274623
0.0424579, -0.027597
0.0423233, -0.0277316
0.0421887, -0.0278662
0.0420536, -0.0280012
0.0419184, -0.0281365
0.041783, -0.0282719
0.0416476, -0.0284073
0.0415118, -0.0285431
0.0413759, -0.028679
0.0412398, -0.028815
0.0411037, -0.0289512
0.0409689, -0.029086
0.0408348, -0.0292201
0.0407005, -0.0293544
0.0405672, -0.0294877
0.040434, -0.0296209
0.0403009, -0.029754
0.0401678, -0.029887
0.0400349, -0.03002
0.039902, -0.0301529
0.039769, -0.0302858
0.0396351, -0.0304198
0.039501, -0.0305539
0.0393666, -0.0306882
0.0392321, -0.0308227
0.0390974, -0.0309574
0.0389625, -0.0310924
0.0388298, -0.0312251
0.0386969, -0.031358
0.0385653, -0.0314895
0.038434, -0.0316209
0.0383027, -0.0317522
0.0381716, -0.0318833
0.0380405, -0.0320144
0.0379095, -0.0321454
0.0377786, -0.0322763
0.0376468, -0.0324081
0.0375149, -0.03254
0.0373827, -0.0326721
0.0372505, -0.0328044
0.037118, -0.0329369
0.0369853, -0.0330695
0.0368525, -0.0332024
0.0367209, -0.033334
0.0365904, -0.0334645
0.0364608, -0.0335941
0.036331, -0.0337239
0.036201, -0.0338539
0.0360713, -0.0339836
0.0359415, -0.0341134
0.0358116, -0.0342433
0.0356817, -0.0343732
0.0355517, -0.0345032
0.0354217, -0.0346331
0.0352917, -0.0347632
0.0351615, -0.0348934
0.0350313, -0.0350236
0.0349008, -0.035154
0.0347704, -0.0352845
0.0346399, -0.035415
0.034511, -0.0355439
0.0343823, -0.0356725
0.0342539, -0.035801
0.0341255, -0.0359294
0.0339973, -0.0360576
0.0338691, -0.0361858
0.033741, -0.0363139
0.0336129, -0.036442
0.0334848, -0.0365701
0.0333567, -0.0366981
0.0332286, -0.0368262
0.0331005, -0.0369544
0.0329721, -0.0370827
0.0328438, -0.0372111
0.0327152, -0.0373396
0.0325866, -0.0374683
0.0324606, -0.0375943
0.0323344, -0.0377205
0.0322088, -0.0378461
0.0320833, -0.0379716
0.0319579, -0.038097
0.0318325, -0.0382223
0.0317073, -0.0383476
0.0315819, -0.038473
0.0314565, -0.0385983
0.0313312, -0.0387237
0.0312057, -0.0388492
0.0310802, -0.0389747
0.0309546, -0.0391003
0.0308289, -0.039226
0.0307032, -0.0393517
0.0305773, -0.0394776
0.0304529, -0.039602
0.0303288, -0.0397261
0.0302052, -0.0398497
0.0300817, -0.0399732
0.0299582, -0.0400966
0.0298346, -0.0402202
0.0297114, -0.0403434
0.0295883, -0.0404666
0.0294652, -0.0405897
0.0293421, -0.0407127
0.0292191, -0.0408358
0.029096, -0.0409589
0.0289728, -0.041082
0.0288497, -0.0412052
0.0287265, -0.0413284
0.0286032, -0.0414517
0.0284822, -0.0415727
0.0283611, -0.0416937
0.0282403, -0.0418146
0.0281201, -0.0419348
0.0279998, -0.0420551
0.0278799, -0.042175
0.0277602, -0.0422947
0.0276405, -0.0424143
0.027521, -0.0425339
0.0274013, -0.0426536
0.0272816, -0.0427733
0.0271619, -0.042893
0.0270422, -0.0430127
0.0269225, -0.0431324
0.0268027, -0.0432522
0.0266827, -0.0433721
0.0265655, -0.0434894
0.0264481, -0.0436067
0.026331, -0.0437238
0.0262149, -0.04384
0.0260989, -0.043956
0.025983, -0.0440719
0.0258673, -0.0441876
0.0257517, -0.0443032
0.0256359, -0.044419
0.0255204, -0.0445345
0.025405, -0.0446499
0.0252893, -0.0447656
0.0251735, -0.0448814
0.0250577, -0.0449972
0.0249418, -0.0451131
0.0248273, -0.0452276
0.0247131, -0.0453418
0.024599, -0.0454559
0.0244852, -0.0455697
0.0243715, -0.0456834
0.0242579, -0.0457969
0.0241454, -0.0459095
0.0240329, -0.046022
0.0239206, -0.0461343
0.0238084, -0.0462465
0.0236963, -0.0463586
0.0235842, -0.0464707
0.0234722, -0.0465827
0.0233601, -0.0466948
0.0232481, -0.0468068
0.023136, -0.0469189
0.0230239, -0.047031
0.0229134, -0.0471415
0.0228031, -0.0472518
0.022693, -0.0473619
0.0225831, -0.0474718
0.0224733, -0.0475815
0.0223637, -0.0476912
0.0222542, -0.0478007
0.0221448, -0.0479101
0.0220358, -0.0480191
0.0219268, -0.048128
0.021818, -0.0482369
0.0217092, -0.0483457
0.0216004, -0.0484545
0.0214916, -0.0485633
0.0213827, -0.0486721
0.0212738, -0.048781
0.0211674, -0.0488875
0.0210609, -0.0489939
0.0209547, -0.0491002
0.0208486, -0.0492063
0.0207426, -0.0493122
0.0206368, -0.0494181
0.0205319, -0.0495229
0.0204272, -0.0496277
0.0203226, -0.0497323
0.0202181, -0.0498368
0.0201137, -0.0499412
0.0200093, -0.0500456
0.0199049, -0.0501499
0.0198006, -0.0502543
0.0196962, -0.0503587
0.0195918, -0.0504631
0.0194887, -0.0505662
0.0193858, -0.0506691
0.0192831, -0.0507718
0.0191806, -0.0508743
0.0190782, -0.0509767
0.0189758, -0.051079
0.0188736, -0.0511813
0.0187714, -0.0512835
0.0186693, -0.0513856
0.0185678, -0.0514871
0.0184663, -0.0515885
0.018365, -0.0516899
0.0182637, -0.0517912
0.0181624, -0.0518925
0.0180612, -0.0519937
0.0179599, -0.052095
0.0178586, -0.0521963
0.0177582, -0.0522967
0.017658, -0.0523969
0.0175579, -0.052497
0.017458, -0.0525969
0.0173581, -0.0526967
0.0172584, -0.0527965
0.0171587, -0.0528962
0.0170597, -0.0529952
0.0169608, -0.053094
0.0168621, -0.0531928
0.0167634, -0.0532915
0.0166648, -0.0533901
0.0165662, -0.0534887
0.0164676, -0.0535873
0.016369, -0.0536859
0.0162715, -0.0537834
0.0161741, -0.0538807
0.016077, -0.0539779
0.0159799, -0.0540749
0.015883, -0.0541719
0.0157862, -0.0542687
0.0156893, -0.0543656
0.0155926, -0.0544623
0.0154966, -0.0545583
0.0154007, -0.0546542
0.0153049, -0.05475
0.0152092, -0.0548457
0.0151135, -0.0549414
0.0150179, -0.055037
0.0149222, -0.0551326
0.0148265, -0.0552283
0.0147329, -0.055322
0.0146392, -0.0554157
0.0145454, -0.0555094
0.014452, -0.0556029
0.0143586, -0.0556963
0.0142653, -0.0557895
0.014172, -0.0558829
0.0140798, -0.0559751
0.0139877, -0.0560672
0.0138957, -0.0561592
0.0138039, -0.056251
0.0137121, -0.0563428
0.0136203, -0.0564346
0.0135286, -0.0565263
0.0134368, -0.0566181
0.013345, -0.0567099
0.0132552, -0.0567996
0.0131654, -0.0568895
0.0130757, -0.0569792
0.0129861, -0.0570688
0.0128966, -0.0571583
0.0128072, -0.0572477
0.0127177, -0.0573371
0.0126283, -0.0574266
0.0125389, -0.057516
0.0124494, -0.0576055
0.0123599, -0.057695
0.0122708, -0.0577841
0.0121818, -0.0578731
0.0120928, -0.0579621
0.0120039, -0.058051
0.0119149, -0.05814
0.0118259, -0.058229
0.0117368, -0.0583181
0.0116476, -0.0584072
0.011559, -0.0584959
0.0114704, -0.0585845
0.0113819, -0.058673
0.0112934, -0.0587615
0.0112049, -0.0588499
0.0111165, -0.0589384
0.011028, -0.0590268
0.0109402, -0.0591147
0.0108525, -0.0592024
0.0107648, -0.0592901
0.0106772, -0.0593777
0.0105896, -0.0594653
0.010502, -0.0595528
0.0104145, -0.0596404
0.0103269, -0.059728
0.0102401, -0.0598147
0.0101536, -0.0599013
0.0100671, -0.0599878
0.00998074, -0.0600741
0.00989446, -0.0601604
0.00980824, -0.0602466
0.00972204, -0.0603328
0.00963585, -0.060419
0.00954964, -0.0605052
0.00946409, -0.0605908
0.00937863, -0.0606762
0.00929325, -0.0607616
0.00920793, -0.060847
0.00912263, -0.0609322
0.00903734, -0.0610175
0.00895205, -0.0611028
0.00886672, -0.0611882
0.00878212, -0.0612728
0.00869766, -0.0613572
0.00861331, -0.0614416
0.00852904, -0.0615258
0.00844484, -0.06161
0.00836068, -0.0616942
0.00827654, -0.0617783
0.0081924, -0.0618625
0.00810822, -0.0619467
0.0080249, -0.06203
0.00794171, -0.0621132
0.00785861, -0.0621963
0.00777559, -0.0622793
0.00769263, -0.0623622
0.00760971, -0.0624452
0.00752679, -0.0625281
0.00744387, -0.062611
0.00736158, -0.0626933
0.00727942, -0.0627755
0.00719735, -0.0628575
0.00711535, -0.0629395
0.00703341, -0.0630215
0.00695149, -0.0631034
0.00686958, -0.0631853
0.00678766, -0.0632672
0.00670647, -0.0633484
0.00662541, -0.0634295
0.00654445, -0.0635104
0.00646356, -0.0635913
0.00638266, -0.0636722
0.00630188, -0.063753
0.00622113, -0.0638338
0.00614109, -0.0639138
0.0060612, -0.0639937
0.00598143, -0.0640734
0.00590176, -0.0641531
0.00582216, -0.0642327
0.00574261, -0.0643123
0.00566309, -0.0643918
0.00558355, -0.0644713
0.00550405, -0.0645508
0.00542546, -0.0646294
0.00534737, -0.0647075
0.00526926, -0.0647856
0.00519114, -0.0648637
0.0051132, -0.0649417
0.00503531, -0.0650196
0.00495746, -0.0650974
0.00487962, -0.0651753
0.00480175, -0.0652531
0.00472478, -0.0653301
0.00464794, -0.0654069
0.0045712, -0.0654837
0.00449455, -0.0655603
0.00441795, -0.0656369
0.00434139, -0.0657135
0.00426484, -0.06579
0.00418793, -0.065867
0.00411097, -0.0659439
0.0040347, -0.0660202
0.00395858, -0.0660963
0.00388257, -0.0661723
0.00380666, -0.0662482
0.00373082, -0.0663241
0.00365503, -0.0663999
0.00357989, -0.066475
0.00350489, -0.06655
0.00343001, -0.0666249
0.00335521, -0.0666997
0.00328048, -0.0667744
0.0032058, -0.0668491
0.00313113, -0.0669237
0.00305647, -0.0669984
0.00298179, -0.0670731
0.00290709, -0.0671478
0.00283234, -0.0672225
0.002758, -0.0672969
0.00268379, -0.0673711
0.00260969, -0.0674452
0.00253559, -0.0675193
0.00246239, -0.0675925
0.00238936, -0.0676655
0.00231649, -0.0677384
0.00224374, -0.0678111
0.00217109, -0.0678838
0.00209842, -0.0679565
0.00202571, -0.0680292
0.00195292, -0.068102
0.00188018, -0.0681747
0.00180738, -0.0682475
0.00173455, -0.0683203
0.00166153, -0.0683933
0.00158836, -0.0684665
0.0015151, -0.0685398
0.00144299, -0.0686119
0.00137091, -0.068684
0.00129895, -0.0687559
0.00122709, -0.0688278
0.00115595, -0.0688989
0.00108498, -0.0689699
0.00101415, -0.0690407
0.000943455, -0.0691114
0.000872853, -0.069182
0.000802326, -0.0692526
0.000731852, -0.069323
0.000661407, -0.0693935
0.000590832, -0.069464
0.000520156, -0.0695347
0.000449357, -0.0696055
0.000378413, -0.0696765
0.000307481, -0.0697474
0.00023737, -0.0698175
0.000167433, -0.0698874
9.81846e-05, -0.0699567
2.91601e-05, -0.0700257
-3.96834e-05, -0.0700946
-0.00010837, -0.0701632
-0.000176923, -0.0702318
-0.000245366, -0.0703002
-0.000313723, -0.0703686
-0.000382016, -0.0704369
-0.000450289, -0.0705052
-0.000518616, -0.0705735
-0.000587018, -0.0706419
-0.000655516, -0.0707104
-0.000724132, -0.070779
-0.00079278, -0.0708477
-0.000861497, -0.0709164
-0.000930304, -0.0709852
-0.000998466, -0.0710533
-0.0010657, -0.0711206
-0.00113288, -0.0711878
-0.00119995, -0.0712548
-0.00126693, -0.0713218
-0.00133362, -0.0713885
-0.0014002, -0.0714551
-0.00146671, -0.0715216
-0.00153314, -0.071588
-0.00159961, -0.0716545
-0.00166611, -0.071721
-0.00173256, -0.0717874
-0.00179901, -0.0718539
-0.00186557, -0.0719205
-0.00193224, -0.0719871
-0.00199898, -0.0720539
-0.00206579, -0.0721207
-0.00213204, -0.0721869
-0.00219779, -0.0722527
-0.00226334, -0.0723182
-0.00232869, -0.0723836
-0.00239382, -0.0724487
-0.00245879, -0.0725137
-0.00252363, -0.0725785
-0.00258837, -0.0726432
-0.00265303, -0.0727079
-0.00271768, -0.0727726
-0.00278235, -0.0728372
-0.00284693, -0.0729018
-0.00291151, -0.0729664
-0.00297615, -0.073031
-0.00304087, -0.0730958
-0.00310564, -0.0731605
-0.00317048, -0.0732254
-0.00323454, -0.0732894
-0.00329818, -0.0733531
-0.00336166, -0.0734165
-0.00342498, -0.0734799
-0.00348818, -0.0735431
-0.00355127, -0.0736061
-0.00361431, -0.0736692
-0.00367691, -0.0737318
-0.00373941, -0.0737943
-0.00380182, -0.0738567
-0.00386417, -0.073919
-0.00392649, -0.0739814
-0.00398882, -0.0740437
-0.00405116, -0.074106
-0.00411356, -0.0741684
-0.00417591, -0.0742308
-0.00423829, -0.0742932
-0.00430011, -0.074355
-0.00436188, -0.0744168
-0.00442308, -0.074478
-0.00448407, -0.0745389
-0.00454484, -0.0745997
-0.00460542, -0.0746603
-0.00466584, -0.0747207
-0.00472613, -0.074781
-0.00478632, -0.0748412
-0.00484647, -0.0749013
-0.00490653, -0.0749614
-0.00496657, -0.0750215
-0.0050266, -0.0750815
-0.00508668, -0.0751416
-0.00514678, -0.0752017
-0.00520693, -0.0752618
-0.00526722, -0.0753221
-0.00532678, -0.0753817
-0.00538627, -0.0754412
-0.00544539, -0.0755003
-0.0055043, -0.0755592
-0.00556269, -0.0756176
-0.00562093, -0.0756758
-0.00567904, -0.0757339
-0.00573706, -0.0757919
-0.00579499, -0.0758499
-0.00585286, -0.0759077
-0.0059107, -0.0759656
-0.00596852, -0.0760234
-0.00602612, -0.076081
-0.00608373, -0.0761386
-0.00614138, -0.0761963
-0.0061991, -0.076254
-0.0062569, -0.0763118
-0.0063148, -0.0763697
-0.00637135, -0.0764262
-0.00642777, -0.0764826
-0.00648399, -0.0765389
-0.00654005, -0.0765949
-0.00659596, -0.0766508
-0.00665138, -0.0767063
-0.00670668, -0.0767616
-0.00676189, -0.0768168
-0.00681703, -0.0768719
-0.00687212, -0.076927
-0.00692719, -0.0769821
-0.00698225, -0.0770371
-0.00703734, -0.0770922
-0.00709246, -0.0771473
-0.00714746, -0.0772023
-0.00720255, -0.0772574
-0.00725758, -0.0773125
-0.00731185, -0.0773667
-0.00736591, -0.0774208
-0.00741979, -0.0774747
-0.00747351, -0.0775284
-0.00752709, -0.077582
-0.00758013, -0.077635
-0.00763305, -0.0776879
-0.0076859, -0.0777408
-0.00773867, -0.0777936
-0.00779141, -0.0778463
-0.00784413, -0.077899
-0.00789686, -0.0779517
-0.00794961, -0.0780045
-0.00800241, -0.0780573
-0.00805528, -0.0781102
-0.00810807, -0.078163
-0.00816093, -0.0782158
-0.00821387, -0.0782687
-0.0082663, -0.0783212
-0.00831854, -0.0783734
-0.00837062, -0.0784255
-0.00842256, -0.0784774
-0.00847439, -0.0785293
-0.00852611, -0.078581
-0.00857729, -0.0786322
-0.00862838, -0.0786833
-0.00867941, -0.0787343
-0.00873039, -0.0787853
-0.00878135, -0.0788362
-0.00883231, -0.0788872
-0.00888329, -0.0789382
-0.00893432, -0.0789892
-0.00898541, -0.0790403
-0.00903659, -0.0790915
-0.00908787, -0.0791428
-0.00913799, -0.0791929
-0.00918792, -0.0792428
-0.00923769, -0.0792926
-0.00928732, -0.0793422
-0.00933684, -0.0793917
-0.00938628, -0.0794412
-0.00943564, -0.0794905
-0.00948496, -0.0795398
-0.00953426, -0.0795891
-0.0095832, -0.0796381
-0.0096321, -0.079687
-0.00968099, -0.0797359
-0.00972988, -0.0797848
-0.0097788, -0.0798337
-0.00982776, -0.0798826
-0.0098768, -0.0799317
-0.00992592, -0.0799808
-0.00997515, -0.08003
-0.0100243, -0.0800792
-0.0100723, -0.0801272
-0.0101201, -0.080175
-0.0101678, -0.0802227
-0.0102154, -0.0802702
-0.0102628, -0.0803177
-0.0103102, -0.080365
-0.0103575, -0.0804124
-0.0104045, -0.0804593
-0.0104514, -0.0805062
-0.0104982, -0.0805531
-0.0105451, -0.0806
-0.0105919, -0.0806468
-0.0106388, -0.0806937
-0.0106857, -0.0807406
-0.0107327, -0.0807876
-0.0107797, -0.0808346
-0.0108269, -0.0808818
-0.0108731, -0.080928
-0.0109194, -0.0809742
-0.0109653, -0.0810202
-0.0110112, -0.0810661
-0.011057, -0.0811119
-0.0111027, -0.0811576
-0.0111483, -0.0812032
-0.0111939, -0.0812488
-0.0112396, -0.0812944
-0.0112848, -0.0813397
-0.01133, -0.0813849
-0.0113752, -0.0814301
-0.0114204, -0.0814753
-0.0114656, -0.0815205
-0.0115109, -0.0815658
-0.0115562, -0.0816111
-0.0116016, -0.0816565
-0.0116469, -0.0817018
-0.0116926, -0.0817474
-0.0117373, -0.0817921
-0.0117818, -0.0818367
-0.0118262, -0.0818811
-0.0118705, -0.0819254
-0.0119148, -0.0819696
-0.0119589, -0.0820138
-0.012003, -0.0820579
-0.0120471, -0.082102
-0.0120912, -0.082146
-0.0121349, -0.0821898
-0.0121786, -0.0822335
-0.0122222, -0.0822771
-0.0122659, -0.0823208
-0.0123095, -0.0823644
-0.0123532, -0.0824081
-0.012397, -0.0824519
-0.0124408, -0.0824957
-0.0124847, -0.0825396
-0.0125278, -0.0825827
-0.0125708, -0.0826257
-0.0126136, -0.0826685
-0.0126563, -0.0827112
-0.0126989, -0.0827538
-0.0127415, -0.0827963
-0.012784, -0.0828388
-0.0128264, -0.0828813
-0.0128689, -0.0829237
-0.0129107, -0.0829656
-0.0129524, -0.0830073
-0.0129941, -0.083049
-0.0130358, -0.0830907
-0.0130774, -0.0831323
-0.0131191, -0.083174
-0.0131608, -0.0832156
-0.0132025, -0.0832574
-0.0132434, -0.0832983
-0.0132843, -0.0833392
-0.013325, -0.0833798
-0.0133655, -0.0834204
-0.0134059, -0.0834608
-0.0134462, -0.0835011
-0.0134864, -0.0835413
-0.0135267, -0.0835815
-0.0135669, -0.0836217
-0.013607, -0.0836619
-0.0136473, -0.0837021
-0.0136868, -0.0837417
-0.0137263, -0.0837812
-0.0137657, -0.0838206
-0.013805, -0.0838599
-0.0138444, -0.0838992
-0.0138837, -0.0839385
-0.013923, -0.0839779
-0.0139624, -0.0840172
-0.0140018, -0.0840567
-0.0140413, -0.0840962
-0.0140809, -0.0841358
-0.0141198, -0.0841747
-0.0141586, -0.0842135
-0.0141973, -0.0842522
-0.014236, -0.0842909
-0.0142747, -0.0843296
-0.0143133, -0.0843682
-0.014352, -0.0844068
-0.0143906, -0.0844455
-0.0144294, -0.0844842
-0.0144677, -0.0845226
-0.014506, -0.0845608
-0.0145442, -0.0845991
-0.0145824, -0.0846373
-0.0146206, -0.0846755
-0.0146589, -0.0847137
-0.0146972, -0.084752
-0.0147355, -0.0847904
-0.0147732, -0.0848281
-0.0148108, -0.0848657
-0.0148483, -0.0849032
-0.0148857, -0.0849406
-0.014923, -0.0849779
-0.0149603, -0.0850152
-0.0149976, -0.0850525
-0.0150348, -0.0850897
-0.0150721, -0.0851269
-0.0151082, -0.0851631
-0.0151442, -0.0851991
-0.0151801, -0.085235
-0.015216, -0.0852709
-0.0152519, -0.0853068
-0.0152878, -0.0853427
-0.0153236, -0.0853785
-0.0153596, -0.0854144
-0.0153955, -0.0854504
-0.0154316, -0.0854865
-0.0154669, -0.0855217
-0.015502, -0.0855569
-0.0155371, -0.085592
-0.0155721, -0.085627
-0.0156071, -0.0856619
-0.015642, -0.0856969
-0.0156769, -0.0857318
-0.0157118, -0.0857667
-0.0157468, -0.0858017
-0.0157818, -0.0858367
-0.0158169, -0.0858717
-0.0158514, -0.0859063
-0.0158859, -0.0859408
-0.0159203, -0.0859752
-0.0159547, -0.0860096
-0.0159891, -0.0860439
-0.0160235, -0.0860783
-0.0160579, -0.0861127
-0.0160923, -0.0861472
-0.0161269, -0.0861817
-0.0161615, -0.0862164
-0.0161955, -0.0862504
-0.0162295, -0.0862844
-0.0162634, -0.0863182
-0.0162972, -0.0863521
-0.016331, -0.0863859
-0.0163649, -0.0864197
-0.0163987, -0.0864536
-0.0164326, -0.0864875
-0.0164665, -0.0865214
-0.0165, -0.0865549
-0.0165335, -0.0865884
-0.0165669, -0.0866218
-0.0166002, -0.0866551
-0.0166336, -0.0866885
-0.016667, -0.0867218
-0.0167004, -0.0867552
-0.0167338, -0.0867887
-0.0167666, -0.0868215
-0.0167993, -0.0868542
-0.016832, -0.0868868
-0.0168645, -0.0869194
-0.016897, -0.0869519
-0.0169295, -0.0869844
-0.0169619, -0.0870168
-0.0169944, -0.0870493
-0.0170269, -0.0870818
-0.0170594, -0.0871143
-0.0170913, -0.0871462
-0.0171231, -0.087178
-0.0171548, -0.0872097
-0.0171865, -0.0872413
-0.0172181, -0.0872729
-0.0172496, -0.0873045
-0.0172812, -0.0873361
-0.0173127, -0.0873676
-0.0173443, -0.0873992
-0.017376, -0.0874309
-0.017407, -0.0874619
-0.0174379, -0.0874928
-0.0174688, -0.0875237
-0.0174996, -0.0875545
-0.0175303, -0.0875852
-0.0175611, -0.087616
-0.0175918, -0.0876467
-0.0176226, -0.0876775
-0.0176534, -0.0877083
-0.0176843, -0.0877392
-0.0177153, -0.0877702
-0.0177456, -0.0878005
-0.0177758, -0.0878307
-0.017806, -0.0878608
-0.017836, -0.0878909
-0.017866, -0.0879209
-0.017896, -0.0879509
-0.017926, -0.0879809
-0.017956, -0.0880109
-0.0179861, -0.0880409
-0.0180156, -0.0880705
-0.0180451, -0.0880999
-0.0180745, -0.0881294
-0.0181039, -0.0881588
-0.0181332, -0.0881881
-0.0181626, -0.0882175
-0.0181921, -0.0882469
-0.0182215, -0.0882764
-0.0182509, -0.0883058
-0.0182805, -0.0883353
-0.01831, -0.0883649
-0.0183395, -0.0883943
-0.0183688, -0.0884237
-0.0183981, -0.088453
-0.0184273, -0.0884822
-0.0184561, -0.0885109
-0.0184847, -0.0885395
-0.0185131, -0.088568
-0.0185415, -0.0885964
-0.0185698, -0.0886246
-0.018598, -0.0886528
-0.0186261, -0.088681
-0.0186542, -0.0887091
-0.0186824, -0.0887372
-0.0187106, -0.0887655
-0.018739, -0.0887938
-0.0187675, -0.0888224
-0.0187962, -0.0888511
-0.0188248, -0.0888797
-0.0188536, -0.0889085
-0.0188824, -0.0889373
-0.0189113, -0.0889662
-0.0189402, -0.0889951
-0.0189689, -0.0890238
-0.0189976, -0.0890525
-0.0190258, -0.0890807
-0.0190539, -0.0891087
-0.0190818, -0.0891366
-0.0191095, -0.0891644
-0.0191372, -0.0891921
-0.0191646, -0.0892195
-0.019192, -0.0892469
-0.0192194, -0.0892742
-0.0192467, -0.0893016
-0.019274, -0.0893289
-0.0193015, -0.0893563
-0.019329, -0.0893839
-0.0193565, -0.0894114
-0.0193842, -0.0894391
-0.0194119, -0.0894668
-0.0194399, -0.0894948
-0.0194678, -0.0895227
-0.0194955, -0.0895503
-0.0195228, -0.0895776
-0.0195498, -0.0896047
-0.0195766, -0.0896315
-0.0196032, -0.0896581
-0.0196297, -0.0896845
-0.0196561, -0.0897109
-0.0196823, -0.0897371
-0.0197084, -0.0897633
-0.0197344, -0.0897893
-0.0197604, -0.0898153
-0.0197865, -0.0898413
-0.0198125, -0.0898673
-0.0198385, -0.0898933
-0.0198645, -0.0899194
-0.0198907, -0.0899455
-0.0199167, -0.0899715
-0.019943, -0.0899979
-0.0199694, -0.0900243
-0.0199959, -0.0900508
-0.0200217, -0.0900766
-0.0200474, -0.0901023
-0.0200729, -0.0901278
-0.0200983, -0.0901532
-0.0201237, -0.0901786
-0.0201489, -0.0902038
-0.0201737, -0.0902285
-0.0201982, -0.0902531
-0.0202226, -0.0902775
-0.020247, -0.0903019
-0.0202713, -0.0903262
-0.0202956, -0.0903505
-0.0203199, -0.0903748
-0.0203443, -0.0903991
-0.0203685, -0.0904234
-0.020393, -0.0904479
-0.0204175, -0.0904724
-0.0204421, -0.090497
-0.0204669, -0.0905218
-0.0204918, -0.0905466
-0.0205163, -0.0905712
-0.0205406, -0.0905954
-0.0205646, -0.0906195
-0.0205884, -0.0906433
-0.0206121, -0.0906669
-0.0206355, -0.0906904
-0.0206588, -0.0907137
-0.0206821, -0.0907369
-0.0207052, -0.0907601
-0.0207282, -0.0907831
-0.0207512, -0.0908061
-0.0207742, -0.0908291
-0.0207973, -0.0908521
-0.0208203, -0.0908752
-0.0208434, -0.0908983
-0.0208666, -0.0909215
-0.0208898, -0.0909447
-0.0209132, -0.0909681
-0.0209367, -0.0909916
-0.0209599, -0.0910148
-0.0209829, -0.0910378
-0.0210057, -0.0910606
-0.0210281, -0.091083
-0.0210504, -0.0911052
-0.0210725, -0.0911274
-0.0210946, -0.0911495
-0.0211167, -0.0911715
-0.0211383, -0.0911932
-0.0211599, -0.0912147
-0.0211813, -0.0912362
-0.0212028, -0.0912577
-0.0212242, -0.0912791
-0.0212457, -0.0913006
-0.0212672, -0.0913221
-0.0212886, -0.0913435
-0.0213103, -0.0913652
-0.0213321, -0.0913869
-0.0213539, -0.0914088
-0.0213759, -0.0914308
-0.0213976, -0.0914525
-0.0214191, -0.091474
-0.0214404, -0.0914953
-0.0214615, -0.0915164
-0.0214825, -0.0915374
-0.0215034, -0.0915583
-0.0215243, -0.0915791
-0.0215451, -0.0915999
-0.0215658, -0.0916207
-0.0215862, -0.0916411
-0.0216066, -0.0916615
-0.0216269, -0.0916818
-0.0216473, -0.0917021
-0.0216677, -0.0917226
-0.0216881, -0.091743
-0.0217087, -0.0917636
-0.0217293, -0.0917842
-0.0217501, -0.091805
-0.021771, -0.0918259
-0.0217921, -0.091847
-0.0218128, -0.0918677
-0.0218334, -0.0918883
-0.0218538, -0.0919087
-0.0218741, -0.091929
-0.0218941, -0.091949
-0.0219141, -0.0919689
-0.021934, -0.0919888
-0.0219538, -0.0920087
-0.0219737, -0.0920285
-0.0219935, -0.0920484
-0.0220131, -0.0920679
-0.0220325, -0.0920874
-0.0220521, -0.092107
-0.0220717, -0.0921266
-0.0220914, -0.0921462
-0.0221111, -0.092166
-0.022131, -0.0921859
-0.0221511, -0.0922059
-0.0221713, -0.0922261
-0.0221913, -0.0922462
-0.022211, -0.0922659
-0.0222304, -0.0922853
-0.0222497, -0.0923046
-0.0222689, -0.0923238
-0.022288, -0.0923429
-0.022307, -0.0923619
-0.022326, -0.0923809
-0.0223449, -0.0923998
-0.0223638, -0.0924186
-0.0223826, -0.0924375
-0.0224015, -0.0924564
-0.0224204, -0.0924753
-0.0224394, -0.0924943
-0.022458, -0.0925129
-0.0224768, -0.0925317
-0.0224956, -0.0925505
-0.0225146, -0.0925695
-0.0225337, -0.0925886
-0.0225529, -0.0926078
-0.0225723, -0.0926271
-0.0225918, -0.0926467
-0.0226111, -0.092666
-0.0226303, -0.0926852
-0.0226493, -0.0927042
-0.0226683, -0.0927232
-0.0226871, -0.092742
-0.0227057, -0.0927606
-0.0227242, -0.0927791
-0.0227427, -0.0927976
-0.0227612, -0.0928161
-0.0227796, -0.0928345
-0.0227982, -0.0928531
-0.0228168, -0.0928717
-0.0228352, -0.0928901
-0.0228537, -0.0929086
-0.0228722, -0.0929271
-0.0228909, -0.0929458
-0.0229097, -0.0929646
-0.0229286, -0.0929835
-0.0229478, -0.0930026
-0.0229671, -0.093022
-0.0229861, -0.093041
-0.0230051, -0.0930599
-0.0230239, -0.0930788
-0.0230426, -0.0930975
-0.0230612, -0.0931161
-0.0230798, -0.0931346
-0.0230982, -0.093153
-0.0231165, -0.0931714
-0.0231348, -0.0931897
-0.0231531, -0.093208
-0.0231714, -0.0932262
-0.0231897, -0.0932445
-0.023208, -0.0932629
-0.0232264, -0.0932813
-0.0232449, -0.0932998
-0.0232632, -0.093318
-0.0232816, -0.0933365
-0.0233001, -0.093355
-0.0233186, -0.0933735
-0.0233374, -0.0933922
-0.0233562, -0.0934111
-0.0233746, -0.0934294
-0.0233928, -0.0934476
-0.0234108, -0.0934657
-0.0234288, -0.0934837
-0.0234467, -0.0935015
-0.0234644, -0.0935193
-0.023482, -0.0935369
-0.0234996, -0.0935545
-0.0235172, -0.093572
-0.0235347, -0.0935896
-0.0235522, -0.0936071
-0.0235698, -0.0936247
-0.0235874, -0.0936423
-0.0236051, -0.0936599
-0.0236226, -0.0936775
-0.02364, -0.0936949
-0.0236574, -0.0937123
-0.0236749, -0.0937297
-0.0236925, -0.0937473
-0.0237102, -0.0937651
-0.0237281, -0.093783
-0.0237454, -0.0938003
-0.0237626, -0.0938175
-0.0237797, -0.0938346
-0.0237967, -0.0938516
-0.0238137, -0.0938685
-0.0238308, -0.0938857
-0.0238481, -0.093903
-0.0238653, -0.0939202
-0.0238825, -0.0939373
-0.0238996, -0.0939545
-0.0239167, -0.0939716
-0.0239339, -0.0939888
-0.0239511, -0.094006
-0.0239681, -0.094023
-0.023985, -0.0940399
-0.0240021, -0.094057
-0.0240193, -0.0940742
-0.0240367, -0.0940915
-0.0240541, -0.094109
-0.0240718, -0.0941266
-0.0240896, -0.0941445
-0.0241076, -0.0941625
-0.0241255, -0.0941803
-0.0241431, -0.094198
-0.0241607, -0.0942156
-0.0241781, -0.094233
-0.0241955, -0.0942504
-0.0242128, -0.0942677
-0.0242299, -0.0942848
-0.0242469, -0.0943018
-0.0242639, -0.0943188
-0.0242809, -0.0943357
-0.0242978, -0.0943526
-0.0243147, -0.0943696
-0.0243315, -0.0943863
-0.0243484, -0.0944033
-0.0243654, -0.0944203
-0.0243821, -0.094437
-0.0243989, -0.0944538
-0.0244158, -0.0944706
-0.0244328, -0.0944877
-0.0244499, -0.0945047
-0.0244671, -0.094522
-0.0244841, -0.0945389
-0.0245009, -0.0945558
-0.0245176, -0.0945725
-0.0245342, -0.094589
-0.0245506, -0.0946055
-0.024567, -0.0946219
-0.0245834, -0.0946383
-0.024599, -0.0946539
-0.0246144, -0.0946693
-0.0246298, -0.0946846
-0.0246451, -0.0947
-0.0246604, -0.0947153
-0.0246757, -0.0947306
-0.0246911, -0.0947459
-0.0247064, -0.0947613
-0.0247218, -0.0947767
-0.0247373, -0.0947922
-0.0247526, -0.0948074
-0.024768, -0.0948229
-0.0247836, -0.0948385
-0.0247994, -0.0948543
-0.0248151, -0.0948699
-0.0248302, -0.0948851
-0.0248453, -0.0949002
-0.0248605, -0.0949153
-0.0248756, -0.0949305
-0.0248908, -0.0949457
-0.0249061, -0.094961
-0.0249214, -0.0949762
-0.0249366, -0.0949915
-0.0249518, -0.0950067
-0.0249669, -0.0950218
-0.024982, -0.0950369
-0.0249971, -0.095052
-0.0250122, -0.0950671
-0.0250273, -0.0950822
-0.0250425, -0.0950973
-0.0250575, -0.0951124
-0.0250726, -0.0951275
-0.0250879, -0.0951428
-0.0251033, -0.0951582
-0.0251189, -0.0951737
-0.0251345, -0.0951893
-0.0251499, -0.0952048
-0.0251652, -0.09522
-0.0251803, -0.0952352
-0.0251954, -0.0952503
-0.0252105, -0.0952654
-0.0252256, -0.0952805
-0.0252408, -0.0952957
-0.0252561, -0.0953109
-0.0252713, -0.0953262
-0.0252865, -0.0953413
-0.0253016, -0.0953564
-0.0253166, -0.0953715
-0.0253315, -0.0953864
-0.0253465, -0.0954013
-0.0253614, -0.0954162
-0.0253763, -0.0954311
-0.0253912, -0.095446
-0.0254059, -0.0954608
-0.0254208, -0.0954757
-0.0254358, -0.0954907
-0.0254509, -0.0955058
-0.025466, -0.0955209
-0.0254809, -0.0955357
-0.0254956, -0.0955504
-0.0255101, -0.095565
-0.0255246, -0.0955794
-0.0255389, -0.0955938
-0.0255532, -0.0956081
-0.0255675, -0.0956224
-0.0255821, -0.095637
-0.0255969, -0.0956518
-0.0256117, -0.0956665
-0.0256263, -0.0956812
-0.0256408, -0.0956957
-0.0256553, -0.0957102
-0.0256697, -0.0957246
-0.0256841, -0.0957389
-0.0256984, -0.0957533
-0.0257127, -0.0957676
-0.025727, -0.0957818
-0.0257412, -0.0957961
-0.0257555, -0.0958104
-0.0257699, -0.0958248
-0.0257844, -0.0958393
-0.0257988, -0.0958537
-0.025813, -0.0958678
-0.025827, -0.0958819
-0.0258409, -0.0958958
-0.0258547, -0.0959096
-0.0258684, -0.0959233
-0.025882, -0.0959369
-0.0258956, -0.0959505
-0.0259092, -0.0959641
-0.0259228, -0.0959777
-0.0259366, -0.0959915
-0.0259504, -0.0960053
-0.0259641, -0.096019
-0.0259778, -0.0960327
-0.0259914, -0.0960463
-0.026005, -0.0960599
-0.0260185, -0.0960734
-0.0260321, -0.096087
-0.0260454, -0.0961003
-0.0260585, -0.0961134
-0.0260719, -0.0961268
-0.0260854, -0.0961402
-0.0260983, -0.0961531
-0.026111, -0.0961659
-0.0261237, -0.0961785
-0.0261361, -0.096191
-0.0261485, -0.0962034
-0.026161, -0.0962159
-0.0261735, -0.0962284
-0.0261861, -0.096241
-0.0261988, -0.0962537
-0.0262115, -0.0962664
-0.0262243, -0.0962792
-0.026237, -0.0962919
-0.0262496, -0.0963045
-0.0262622, -0.0963171
-0.0262747, -0.0963296
-0.0262872, -0.0963421
-0.0262996, -0.0963545
-0.0263121, -0.0963669
-0.0263244, -0.0963792
-0.0263367, -0.0963916
-0.0263491, -0.096404
-0.0263617, -0.0964166
-0.0263744, -0.0964293
-0.0263868, -0.0964417
-0.0263991, -0.096454
-0.0264112, -0.0964661
-0.0264233, -0.0964782
-0.0264352, -0.0964901
-0.0264471, -0.0965019
-0.0264588, -0.0965137
-0.0264707, -0.0965256
-0.0264827, -0.0965376
-0.026495, -0.0965498
-0.0265074, -0.0965622
-0.02652, -0.0965748
-0.0265323, -0.0965871
-0.0265445, -0.0965994
-0.0265567, -0.0966115
-0.0265688, -0.0966237
-0.026581, -0.0966358
-0.0265931, -0.096648
-0.0266053, -0.0966602
-0.0266175, -0.0966724
-0.0266299, -0.0966847
-0.0266423, -0.0966972
-0.0266545, -0.0967094
-0.0266666, -0.0967215
-0.0266785, -0.0967334
-0.0266903, -0.0967452
-0.0267021, -0.0967569
-0.0267137, -0.0967685
-0.0267253, -0.0967802
-0.026737, -0.0967919
-0.026749, -0.0968038
-0.0267611, -0.0968159
-0.0267729, -0.0968278
-0.0267848, -0.0968397
-0.0267967, -0.0968516
-0.0268086, -0.0968635
-0.0268204, -0.0968752
-0.026832, -0.0968869
-0.0268436, -0.0968985
-0.0268552, -0.0969101
-0.0268667, -0.0969216
-0.0268782, -0.0969331
-0.0268897, -0.0969445
-0.0269009, -0.0969558
-0.0269122, -0.0969671
-0.0269233, -0.0969782
-0.0269343, -0.0969892
-0.0269452, -0.0970001
-0.0269559, -0.0970107
-0.0269665, -0.0970214
-0.0269771, -0.097032
-0.0269877, -0.0970426
-0.0269983, -0.0970532
-0.027009, -0.0970639
-0.0270197, -0.0970746
-0.0270305, -0.0970854
-0.0270415, -0.0970963
-0.0270525, -0.0971074
-0.0270636, -0.0971184
-0.0270746, -0.0971295
-0.0270856, -0.0971405
-0.0270965, -0.0971514
-0.0271073, -0.0971622
-0.0271181, -0.097173
-0.0271289, -0.0971838
-0.0271396, -0.0971945
-0.0271504, -0.0972053
-0.0271607, -0.0972156
-0.0271709, -0.0972258
-0.0271809, -0.0972358
-0.0271908, -0.0972456
-0.0272005, -0.0972554
-0.0272101, -0.097265
-0.0272196, -0.0972745
-0.0272291, -0.0972839
-0.0272385, -0.0972933
-0.0272478, -0.0973027
-0.027257, -0.0973118
-0.0272663, -0.0973212
-0.0272759, -0.0973307
-0.0272857, -0.0973405
-0.0272953, -0.0973502
-0.0273052, -0.0973601
-0.0273152, -0.0973701
-0.0273251, -0.09738
-0.0273349, -0.0973898
-0.0273447, -0.0973996
-0.0273544, -0.0974093
-0.0273642, -0.0974191
-0.0273741, -0.097429
-0.0273841, -0.097439
-0.0273941, -0.097449
-0.0274039, -0.0974588
-0.0274135, -0.0974684
-0.0274231, -0.0974779
-0.0274325, -0.0974874
-0.0274418, -0.0974967
-0.0274511, -0.0975059
-0.0274603, -0.0975151
-0.0274694, -0.0975243
-0.0274787, -0.0975336
-0.0274881, -0.097543
-0.0274976, -0.0975524
-0.0275071, -0.097562
-0.0275169, -0.0975717
-0.0275267, -0.0975816
-0.0275366, -0.0975914
-0.0275468, -0.0976016
-0.027557, -0.0976119
-0.0275672, -0.0976221
-0.0275773, -0.0976322
-0.0275874, -0.0976422
-0.0275974, -0.0976523
-0.0276074, -0.0976623
-0.0276172, -0.0976721
-0.0276269, -0.0976818
-0.0276366, -0.0976915
-0.0276461, -0.097701
-0.0276554, -0.0977103
-0.0276647, -0.0977196
-0.0276738, -0.0977287
-0.0276829, -0.0977378
-0.0276919, -0.0977468
-0.0277007, -0.0977556
-0.0277097, -0.0977646
-0.0277188, -0.0977737
-0.0277281, -0.097783
-0.0277376, -0.0977925
-0.0277469, -0.0978018
-0.0277563, -0.0978111
-0.0277658, -0.0978206
-0.0277753, -0.0978302
-0.0277849, -0.0978398
-0.0277944, -0.0978493
-0.0278039, -0.0978587
-0.0278132, -0.097868
-0.0278225, -0.0978774
-0.0278319, -0.0978868
-0.0278412, -0.0978961
-0.02785, -0.0979049
-0.0278586, -0.0979135
-0.0278671, -0.097922
-0.0278755, -0.0979304
-0.0278838, -0.0979387
-0.027892, -0.0979469
-0.0279001, -0.097955
-0.0279082, -0.0979631
-0.0279163, -0.0979712
-0.0279242, -0.0979791
-0.0279322, -0.0979871
-0.0279405, -0.0979954
-0.0279486, -0.0980035
-0.027957, -0.0980118
-0.0279654, -0.0980203
-0.0279741, -0.098029
-0.0279829, -0.0980378
-0.0279919, -0.0980468
-0.028001, -0.0980559
-0.0280102, -0.0980651
-0.0280194, -0.0980743
-0.0280285, -0.0980834
-0.0280376, -0.0980925
-0.0280466, -0.0981015
-0.0280557, -0.0981106
-0.0280637, -0.0981186
-0.0280717, -0.0981265
-0.0280794, -0.0981343
-0.028087, -0.0981419
-0.0280946, -0.0981495
-0.0281022, -0.098157
-0.0281096, -0.0981645
-0.0281171, -0.0981719
-0.0281243, -0.0981791
-0.0281315, -0.0981864
-0.028139, -0.0981938
-0.0281464, -0.0982013
-0.0281541, -0.0982089
-0.0281618, -0.0982167
-0.0281696, -0.0982245
-0.0281777, -0.0982325
-0.0281858, -0.0982407
-0.0281942, -0.0982491
-0.0282029, -0.0982577
-0.0282116, -0.0982665
-0.0282203, -0.0982752
-0.0282289, -0.0982838
-0.0282375, -0.0982923
-0.028246, -0.0983009
-0.0282544, -0.0983093
-0.0282628, -0.0983177
-0.028271, -0.0983259
-0.028279, -0.0983339
-0.028287, -0.0983419
-0.0282948, -0.0983497
-0.0283026, -0.0983575
-0.0283103, -0.0983652
-0.0283178, -0.0983726
-0.0283253, -0.0983802
-0.028333, -0.0983878
-0.0283408, -0.0983957
-0.0283487, -0.0984036
-0.0283565, -0.0984114
-0.0283642, -0.0984191
-0.028372, -0.0984268
-0.0283799, -0.0984348
-0.0283881, -0.0984429
-0.0283963, -0.0984512
-0.0284048, -0.0984597
-0.0284133, -0.0984682
-0.0284217, -0.0984765
-0.02843, -0.0984849
-0.0284383, -0.0984931
-0.0284465, -0.0985014
-0.0284547, -0.0985096
-0.0284624, -0.0985173
-0.0284699, -0.0985248
-0.0284773, -0.0985322
-0.0284845, -0.0985394
-0.0284917, -0.0985465
-0.0284987, -0.0985536
-0.0285056, -0.0985605
-0.0285125, -0.0985674
-0.0285193, -0.0985742
-0.0285259, -0.0985807
-0.0285325, -0.0985873
-0.0285392, -0.0985941
-0.0285462, -0.098601
-0.0285533, -0.0986082
-0.0285604, -0.0986152
-0.0285675, -0.0986224
-0.0285747, -0.0986296
-0.0285821, -0.098637
-0.0285896, -0.0986445
-0.0285973, -0.0986522
-0.028605, -0.0986599
-0.0286126, -0.0986675
-0.0286202, -0.098675
-0.0286277, -0.0986825
-0.0286351, -0.09869
-0.0286421, -0.0986969
-0.0286489, -0.0987037
-0.0286555, -0.0987104
-0.028662, -0.0987169
-0.0286685, -0.0987233
-0.0286748, -0.0987297
-0.028681, -0.0987359
-0.0286872, -0.0987421
-0.0286932, -0.098748
-0.0286992, -0.0987541
-0.0287054, -0.0987603
-0.0287117, -0.0987666
-0.0287178, -0.0987727
-0.028724, -0.0987789
-0.0287303, -0.0987852
-0.0287368, -0.0987917
-0.0287433, -0.0987982
-0.02875, -0.0988049
-0.0287569, -0.0988118
-0.0287639, -0.0988187
-0.0287711, -0.098826
-0.0287785, -0.0988333
-0.0287857, -0.0988406
-0.0287929, -0.0988477
-0.0287999, -0.0988548
-0.028807, -0.0988619
-0.0288134, -0.0988683
-0.0288196, -0.0988745
-0.0288257, -0.0988806
-0.0288317, -0.0988866
-0.0288375, -0.0988924
-0.0288432, -0.0988981
-0.0288489, -0.0989037
-0.0288544, -0.0989093
-0.0288599, -0.0989148
-0.0288652, -0.0989201
-0.0288705, -0.0989254
-0.0288759, -0.0989308
-0.0288815, -0.0989364
-0.0288872, -0.0989421
-0.0288931, -0.0989479
-0.0288987, -0.0989535
-0.0289043, -0.0989591
-0.02891, -0.0989649
-0.0289159, -0.0989707
-0.0289219, -0.0989767
-0.0289282, -0.098983
-0.0289345, -0.0989894
-0.0289408, -0.0989957
-0.0289471, -0.0990019
-0.0289531, -0.099008
-0.0289592, -0.0990141
-0.0289651, -0.09902
-0.0289709, -0.0990258
-0.0289764, -0.0990313
-0.0289818, -0.0990367
-0.0289871, -0.099042
-0.0289923, -0.0990472
-0.0289975, -0.0990524
-0.0290026, -0.0990575
-0.0290077, -0.0990626
-0.0290128, -0.0990676
-0.0290179, -0.0990727
-0.029023, -0.0990778
-0.0290282, -0.099083
-0.0290334, -0.0990883
-0.0290389, -0.0990938
-0.0290443, -0.0990992
-0.0290499, -0.0991048
-0.0290556, -0.0991105
-0.0290614, -0.0991162
-0.0290674, -0.0991223
-0.0290736, -0.0991284
-0.0290797, -0.0991346
-0.0290858, -0.0991407
-0.0290918, -0.0991467
-0.0290977, -0.0991526
-0.0291035, -0.0991584
-0.0291088, -0.0991637
-0.0291139, -0.0991688
-0.0291189, -0.0991737
-0.0291236, -0.0991785
-0.0291283, -0.0991832
-0.0291329, -0.0991877
-0.0291373, -0.0991922
-0.0291416, -0.0991965
-0.0291456, -0.0992005
-0.0291497, -0.0992045
-0.0291537, -0.0992085
-0.0291577, -0.0992125
-0.0291617, -0.0992166
-0.0291658, -0.0992206
-0.0291699, -0.0992248
-0.0291741, -0.099229
-0.0291785, -0.0992333
-0.0291829, -0.0992378
-0.0291875, -0.0992424
-0.0291923, -0.0992472
-0.0291972, -0.0992521
-0.0292023, -0.0992572
-0.0292076, -0.0992624
-0.0292127, -0.0992676
-0.0292177, -0.0992726
-0.0292227, -0.0992776
-0.0292276, -0.0992825
-0.0292319, -0.0992868
-0.029236, -0.0992909
-0.02924, -0.0992949
-0.0292438, -0.0992987
-0.0292475, -0.0993023
-0.029251, -0.0993059
-0.0292545, -0.0993094
-0.0292579, -0.0993128
-0.0292611, -0.0993159
-0.0292643, -0.0993192
-0.0292676, -0.0993225
-0.0292711, -0.099326
-0.0292743, -0.0993292
-0.0292777, -0.0993325
-0.029281, -0.0993359
-0.0292846, -0.0993395
-0.0292883, -0.0993432
-0.0292921, -0.099347
-0.0292961, -0.099351
-0.0293003, -0.0993552
-0.0293045, -0.0993594
-0.0293091, -0.099364
-0.0293137, -0.0993686
-0.0293183, -0.0993732
-0.0293228, -0.0993777
-0.0293272, -0.0993821
-0.0293316, -0.0993865
-0.0293359, -0.0993908
-0.0293402, -0.099395
-0.0293442, -0.0993991
-0.0293481, -0.099403
-0.0293519, -0.0994068
-0.0293556, -0.0994105
-0.0293591, -0.099414
-0.0293623, -0.0994172
-0.0293654, -0.0994203
-0.0293686, -0.0994235
-0.0293717, -0.0994266
-0.0293749, -0.0994298
-0.0293781, -0.099433
-0.0293814, -0.0994363
-0.0293847, -0.0994396
-0.0293882, -0.099443
-0.0293917, -0.0994466
-0.0293955, -0.0994504
-0.0293993, -0.0994542
-0.0294032, -0.0994581
-0.0294074, -0.0994623
-0.0294117, -0.0994666
-0.0294162, -0.099471
-0.0294206, -0.0994755
-0.0294249, -0.0994798
-0.0294291, -0.099484
-0.0294333, -0.0994882
-0.0294374, -0.0994923
-0.0294414, -0.0994963
-0.0294449, -0.0994998
-0.0294481, -0.099503
-0.0294512, -0.0995061
-0.0294542, -0.0995091
-0.029457, -0.0995119
-0.0294598, -0.0995147
-0.0294624, -0.0995173
-0.029465, -0.0995199
-0.0294674, -0.0995223
-0.0294697, -0.0995246
-0.0294721, -0.099527
-0.0294746, -0.0995295
-0.0294771, -0.099532
-0.0294798, -0.0995347
-0.0294825, -0.0995374
-0.0294855, -0.0995404
-0.0294886, -0.0995434
-0.0294918, -0.0995467
-0.0294954, -0.0995502
-0.029499, -0.0995539
-0.0295028, -0.0995576
-0.0295065, -0.0995614
-0.0295102, -0.0995651
-0.0295138, -0.0995687
-0.0295174, -0.0995723
-0.0295209, -0.0995758
-0.0295244, -0.0995793
-0.0295274, -0.0995823
-0.0295301, -0.099585
-0.0295328, -0.0995877
-0.0295353, -0.0995902
-0.0295377, -0.0995926
-0.0295399, -0.0995948
-0.0295422, -0.0995971
-0.0295444, -0.0995992
-0.0295463, -0.0996011
-0.0295482, -0.0996031
-0.0295502, -0.0996051
-0.0295524, -0.0996073
-0.0295545, -0.0996094
-0.0295566, -0.0996115
-0.0295589, -0.0996138
-0.0295612, -0.0996161
-0.0295637, -0.0996186
-0.0295664, -0.0996213
-0.0295692, -0.0996241
-0.0295722, -0.0996271
-0.0295754, -0.0996303
-0.0295788, -0.0996336
-0.0295824, -0.0996373
-0.0295861, -0.0996409
-0.0295896, -0.0996445
-0.0295931, -0.099648
-0.0295966, -0.0996515
-0.0296001, -0.0996549
-0.0296032, -0.099658
-0.0296061, -0.099661
-0.0296089, -0.0996638
-0.0296115, -0.0996664
-0.0296141, -0.0996689
-0.0296164, -0.0996713
-0.0296187, -0.0996736
-0.0296206, -0.0996755
-0.0296226, -0.0996775
-0.0296245, -0.0996794
-0.0296264, -0.0996813
-0.0296283, -0.0996832
-0.0296303, -0.0996852
-0.0296324, -0.0996873
-0.0296345, -0.0996894
-0.0296368, -0.0996917
-0.0296392, -0.099694
-0.0296417, -0.0996965
-0.0296443, -0.0996992
-0.0296471, -0.0997019
-0.0296501, -0.0997049
-0.0296532, -0.0997081
-0.0296566, -0.0997115
-0.0296601, -0.099715
-0.0296635, -0.0997184
-0.0296668, -0.0997217
-0.0296701, -0.099725
-0.0296733, -0.0997281
-0.0296765, -0.0997313
-0.0296796, -0.0997345
-0.0296827, -0.0997376
-0.0296856, -0.0997405
-0.0296883, -0.0997432
-0.0296909, -0.0997458
-0.0296934, -0.0997483
-0.0296957, -0.0997506
-0.0296978, -0.0997526
-0.0296998, -0.0997547
-0.029702, -0.0997569
-0.029704, -0.0997589
-0.0297059, -0.0997608
-0.029708, -0.0997628
-0.02971, -0.0997649
-0.0297122, -0.0997671
-0.0297144, -0.0997693
-0.0297168, -0.0997716
-0.0297192, -0.0997741
-0.0297217, -0.0997766
-0.0297244, -0.0997793
-0.0297273, -0.0997822
-0.0297304, -0.0997852
-0.0297336, -0.0997884
-0.0297368, -0.0997917
-0.0297399, -0.0997948
-0.029743, -0.0997979
-0.029746, -0.0998008
-0.0297489, -0.0998038
-0.0297518, -0.0998067
-0.0297548, -0.0998096
-0.0297578, -0.0998127
-0.0297608, -0.0998157
-0.0297636, -0.0998185
-0.0297663, -0.0998211
-0.0297685, -0.0998234
-0.0297706, -0.0998255
-0.0297727, -0.0998275
-0.0297746, -0.0998295
-0.0297765, -0.0998314
-0.0297784, -0.0998333
-0.0297803, -0.0998352
-0.0297822, -0.0998371
-0.0297842, -0.0998391
-0.0297862, -0.0998411
-0.0297882, -0.0998431
-0.0297904, -0.0998452
-0.0297927, -0.0998476
-0.0297951, -0.09985
-0.0297976, -0.0998525
-0.0298002, -0.0998551
-0.0298029, -0.0998578
-0.0298058, -0.0998607
-0.0298088, -0.0998637
-0.0298119, -0.0998667
-0.0298148, -0.0998696
-0.0298176, -0.0998725
-0.0298203, -0.0998752
-0.029823, -0.0998778
-0.0298254, -0.0998803
-0.0298279, -0.0998828
-0.0298304, -0.0998853
-0.0298326, -0.0998875
-0.0298347, -0.0998896
-0.0298366, -0.0998915
-0.0298383, -0.0998932
-0.0298399, -0.0998947
-0.0298413, -0.0998962
-0.0298428, -0.0998976
-0.0298442, -0.099899
-0.0298455, -0.0999004
-0.0298469, -0.0999017
-0.0298482, -0.0999031
-0.0298496, -0.0999045
-0.0298511, -0.0999059
-0.0298526, -0.0999075
-0.0298541, -0.099909
-0.0298558, -0.0999107
-0.0298576, -0.0999125
-0.0298595, -0.0999144
-0.0298615, -0.0999164
-0.0298637, -0.0999186
-0.0298657, -0.0999206
-0.0298676, -0.0999225
-0.0298694, -0.0999243
-0.0298711, -0.099926
-0.0298728, -0.0999277
-0.0298745, -0.0999294
-0.0298762, -0.0999311
-0.0298778, -0.0999327
-0.0298795, -0.0999344
-0.0298812, -0.0999361
-0.0298826, -0.0999375
-0.0298838, -0.0999387
-0.0298848, -0.0999397
-0.0298857, -0.0999406
-0.0298865, -0.0999414
-0.029887, -0.0999419
-0.0298875, -0.0999424
-0.0298879, -0.0999428
-0.0298883, -0.0999432
-0.0298887, -0.0999436
-0.0298891, -0.099944
-0.0298896, -0.0999445
-0.0298901, -0.099945
-0.0298907, -0.0999456
-0.0298913, -0.0999462
-0.0298921, -0.099947
-0.029893, -0.0999478
-0.029894, -0.0999489
-0.0298952, -0.0999501
-0.0298965, -0.0999514
-0.029898, -0.0999529
-0.0298995, -0.0999543
-0.0299008, -0.0999557
-0.0299021, -0.099957
-0.0299033, -0.0999582
-0.0299045, -0.0999594
-0.0299057, -0.0999606
-0.0299069, -0.0999618
-0.0299081, -0.099963
-0.0299094, -0.0999643
-0.0299105, -0.0999653
-0.0299114, -0.0999663
-0.0299121, -0.099967
-0.0299128, -0.0999676
-0.0299132, -0.0999681
-0.0299136, -0.0999685
-0.0299136, -0.0999685
-0.0299138, -0.0999687
-0.029914, -0.0999689
-0.0299143, -0.0999692
-0.0299144, -0.0999692
-0.0299144, -0.0999692
-0.0299144, -0.0999693
-0.0299145, -0.0999694
-0.0299147, -0.0999695
-0.0299149, -0.0999698
-0.0299153, -0.0999702
-0.0299158, -0.0999707
-0.0299165, -0.0999714
-0.0299173, -0.0999722
-0.0299182, -0.0999731
-0.0299193, -0.0999742
-0.0299206, -0.0999754
-0.0299217, -0.0999766
-0.0299228, -0.0999776
-0.0299238, -0.0999786
-0.0299247, -0.0999795
-0.0299257, -0.0999806
-0.0299269, -0.0999818
-0.0299279, -0.0999827
-0.0299289, -0.0999837
-0.0299299, -0.0999847
-0.0299306, -0.0999855
-0.0299312, -0.0999861
-0.0299317, -0.0999865
-0.029932, -0.0999869
-0.0299322, -0.099987
-0.0299322, -0.099987
-0.0299321, -0.099987
-0.0299321, -0.099987
-0.029932, -0.0999869
-0.029932, -0.0999869
-0.029932, -0.0999869
-0.029932, -0.0999869
-0.0299321, -0.099987
-0.0299323, -0.0999872
-0.0299325, -0.0999874
-0.0299329, -0.0999878
-0.0299334, -0.0999883
-0.0299341, -0.0999889
-0.0299349, -0.0999897
-0.0299358, -0.0999907
-0.0299369, -0.0999918
-0.0299381, -0.099993
-0.0299393, -0.0999942
-0.0299404, -0.0999953
-0.0299414, -0.0999963
-0.0299423, -0.0999972
-0.0299432, -0.099998
-0.029944, -0.0999989
-0.0299447, -0.0999996
-0.0299454, -0.1
-0.0299461, -0.100001
-0.0299469, -0.100002
-0.0299475, -0.100002
-0.029948, -0.100003
-0.0299484, -0.100003
-0.0299486, -0.100003
-0.0299486, -0.100004
-0.0299486, -0.100003
-0.0299485, -0.100003
-0.0299485, -0.100003
-0.0299484, -0.100003
-0.0299483, -0.100003
-0.0299483, -0.100003
-0.0299483, -0.100003
-0.0299484, -0.100003
-0.0299485, -0.100003
-0.0299488, -0.100004
-0.0299492, -0.100004
-0.0299497, -0.100005
-0.0299503, -0.100005
-0.029951, -0.100006
-0.029952, -0.100007
-0.0299532, -0.100008
-0.0299545, -0.100009
-0.0299558, -0.100011
-0.0299569, -0.100012
-0.0299579, -0.100013
-0.0299589, -0.100014
-0.0299598, -0.100015
-0.0299607, -0.100016
-0.0299617, -0.100017
-0.0299626, -0.100018
-0.0299636, -0.100019
-0.0299647, -0.10002
-0.0299654, -0.10002
-0.029966, -0.100021
-0.0299664, -0.100021
-0.0299667, -0.100022
-0.0299668, -0.100022
-0.0299668, -0.100022
-0.0299667, -0.100022
-0.0299665, -0.100021
-0.0299664, -0.100021
-0.0299662, -0.100021
-0.0299661, -0.100021
-0.0299659, -0.100021
-0.0299659, -0.100021
-0.0299659, -0.100021
-0.0299659, -0.100021
-0.0299661, -0.100021
-0.0299663, -0.100021
-0.0299667, -0.100022
-0.0299671, -0.100022
-0.0299678, -0.100023
-0.0299686, -0.100023
-0.0299695, -0.100024
-0.0299705, -0.100025
-0.0299714, -0.100026
-0.0299722, -0.100027
-0.029973, -0.100028
-0.0299735, -0.100028
-0.0299741, -0.100029
-0.0299746, -0.10003
-0.0299752, -0.10003
-0.0299758, -0.100031
-0.0299765, -0.100031
-0.0299772, -0.100032
-0.0299777, -0.100033
-0.029978, -0.100033
-0.0299781, -0.100033
-0.0299781, -0.100033
-0.0299779, -0.100033
-0.0299776, -0.100032
-0.0299773, -0.100032
-0.0299769, -0.100032
-0.0299765, -0.100031
-0.029976, -0.100031
-0.0299756, -0.10003
-0.0299752, -0.10003
-0.0299748, -0.10003
-0.0299745, -0.100029
-0.0299742, -0.100029
-0.029974, -0.100029
-0.029974, -0.100029
-0.029974, -0.100029
-0.029974, -0.100029
-0.0299743, -0.100029
-0.0299748, -0.10003
-0.0299754, -0.10003
-0.0299759, -0.100031
-0.0299762, -0.100031
-0.0299765, -0.100031
-0.0299767, -0.100032
-0.0299769, -0.100032
-0.029977, -0.100032
-0.0299771, -0.100032
-0.0299773, -0.100032
-0.0299775, -0.100032
-0.0299777, -0.100033
-0.029978, -0.100033
-0.0299781, -0.100033
-0.029978, -0.100033
-0.0299778, -0.100033
-0.0299773, -0.100032
-0.0299768, -0.100032
-0.0299762, -0.100031
-0.0299755, -0.10003
-0.0299748, -0.10003
-0.0299741, -0.100029
-0.0299733, -0.100028
-0.0299725, -0.100027
-0.0299717, -0.100027
-0.0299709, -0.100026
-0.0299702, -0.100025
-0.0299695, -0.100024
-0.0299689, -0.100024
-0.0299683, -0.100023
-0.0299679, -0.100023
-0.0299676, -0.100022
-0.0299674, -0.100022
-0.0299672, -0.100022
-0.0299673, -0.100022
-0.0299675, -0.100022
-0.0299676, -0.100023
-0.0299677, -0.100023
-0.0299677, -0.100023
-0.0299676, -0.100023
-0.0299676, -0.100022
-0.0299675, -0.100022
-0.0299674, -0.100022
-0.0299674, -0.100022
-0.0299673, -0.100022
-0.0299673, -0.100022
-0.0299673, -0.100022
-0.0299671, -0.100022
-0.0299667, -0.100022
-0.0299662, -0.100021
-0.0299655, -0.10002
-0.0299647, -0.10002
-0.0299638, -0.100019
-0.0299628, -0.100018
-0.0299619, -0.100017
-0.0299608, -0.100016
-0.0299596, -0.100015
-0.0299585, -0.100013
-0.0299574, -0.100012
-0.0299563, -0.100011
-0.0299552, -0.10001
-0.0299542, -0.100009
-0.0299532, -0.100008
-0.0299522, -0.100007
-0.0299515, -0.100006
-0.0299508, -0.100006
-0.0299502, -0.100005
-0.0299498, -0.100005
-0.0299495, -0.100004
-0.0299493, -0.100004
-0.0299491, -0.100004
-0.0299488, -0.100004
-0.0299483, -0.100003
-0.0299477, -0.100003
-0.0299471, -0.100002
-0.0299465, -0.100001
-0.0299458, -0.100001
-0.0299452, -0.1
-0.0299447, -0.0999995
-0.0299441, -0.099999
-0.0299436, -0.0999985
-0.0299431, -0.099998
-0.0299424, -0.0999973
-0.0299416, -0.0999965
-0.0299406, -0.0999954
-0.0299394, -0.0999942
-0.0299381, -0.0999929
-0.0299367, -0.0999916
-0.0299352, -0.0999901
-0.0299337, -0.0999885
-0.0299321, -0.099987
-0.0299306, -0.0999855
-0.029929, -0.0999839
-0.0299275, -0.0999824
-0.029926, -0.0999809
-0.0299245, -0.0999794
-0.0299231, -0.099978
-0.0299219, -0.0999768
-0.0299206, -0.0999755
-0.0299194, -0.0999743
-0.0299184, -0.0999732
-0.0299173, -0.0999722
-0.0299165, -0.0999714
-0.0299158, -0.0999707
-0.0299153, -0.0999702
-0.0299147, -0.0999695
-0.0299139, -0.0999688
-0.0299131, -0.099968
-0.0299122, -0.0999671
-0.0299113, -0.0999662
-0.0299104, -0.0999652
-0.0299094, -0.0999643
-0.0299085, -0.0999633
-0.0299076, -0.0999624
-0.0299066, -0.0999615
-0.0299058, -0.0999607
-0.029905, -0.0999599
-0.0299043, -0.0999592
-0.0299034, -0.0999582
-0.0299022, -0.0999571
-0.029901, -0.0999558
-0.0298995, -0.0999544
-0.029898, -0.0999529
-0.0298964, -0.0999513
-0.0298947, -0.0999496
-0.029893, -0.0999479
-0.0298913, -0.0999462
-0.0298895, -0.0999443
-0.0298877, -0.0999426
-0.029886, -0.0999409
-0.0298843, -0.0999392
-0.0298826, -0.0999375
-0.029881, -0.0999359
-0.0298795, -0.0999344
-0.0298781, -0.0999329
-0.0298767, -0.0999316
-0.0298755, -0.0999304
-0.0298744, -0.0999292
-0.0298733, -0.0999282
-0.0298725, -0.0999274
-0.0298717, -0.0999266
-0.029871, -0.0999259
-0.0298703, -0.0999251
-0.0298694, -0.0999242
-0.0298683, -0.0999232
-0.0298672, -0.0999221
-0.0298661, -0.099921
-0.029865, -0.0999198
-0.0298638, -0.0999187
-0.0298627, -0.0999176
-0.0298617, -0.0999165
-0.0298606, -0.0999155
-0.0298597, -0.0999146
-0.0298587, -0.0999136
-0.0298575, -0.0999124
-0.0298561, -0.099911
-0.0298545, -0.0999094
-0.0298527, -0.0999076
-0.0298508, -0.0999057
-0.0298488, -0.0999037
-0.0298467, -0.0999016
-0.0298445, -0.0998994
-0.0298423, -0.0998972
-0.0298401, -0.099895
-0.0298379, -0.0998928
-0.0298357, -0.0998906
-0.0298335, -0.0998884
-0.0298314, -0.0998862
-0.0298293, -0.0998842
-0.0298274, -0.0998823
-0.0298255, -0.0998804
-0.0298236, -0.0998785
-0.0298219, -0.0998768
-0.0298203, -0.0998752
-0.0298188, -0.0998737
-0.0298175, -0.0998724
-0.0298162, -0.0998711
-0.0298149, -0.0998698
-0.0298135, -0.0998684
-0.029812, -0.0998668
-0.0298103, -0.0998652
-0.0298085, -0.0998634
-0.0298067, -0.0998616
-0.0298049, -0.0998598
-0.0298031, -0.099858
-0.0298013, -0.0998562
-0.0297995, -0.0998544
-0.0297978, -0.0998526
-0.0297961, -0.0998509
-0.0297944, -0.0998493
-0.0297929, -0.0998477
-0.0297913, -0.0998462
-0.0297895, -0.0998444
-0.0297875, -0.0998424
-0.0297854, -0.0998403
-0.0297831, -0.099838
-0.0297806, -0.0998355
-0.0297781, -0.099833
-0.0297755, -0.0998304
-0.0297729, -0.0998278
-0.0297702, -0.0998251
-0.0297676, -0.0998225
-0.029765, -0.0998199
-0.0297624, -0.0998173
-0.0297598, -0.0998147
-0.0297573, -0.0998122
-0.0297549, -0.0998098
-0.0297525, -0.0998073
-0.0297502, -0.0998051
-0.0297481, -0.0998029
-0.029746, -0.0998009
-0.0297441, -0.099799
-0.0297423, -0.0997972
-0.0297406, -0.0997955
-0.0297391, -0.099794
-0.0297377, -0.0997926
-0.0297361, -0.099791
-0.0297345, -0.0997894
-0.0297327, -0.0997876
-0.0297309, -0.0997858
-0.029729, -0.0997839
-0.029727, -0.0997819
-0.029725, -0.0997798
-0.0297229, -0.0997778
-0.0297209, -0.0997758
-0.0297189, -0.0997738
-0.0297169, -0.0997718
-0.029715, -0.0997699
-0.0297131, -0.099768
-0.0297113, -0.0997662
-0.0297093, -0.0997642
-0.0297071, -0.099762
-0.0297048, -0.0997596
-0.0297023, -0.0997572
-0.0296998, -0.0997547
-0.0296971, -0.099752
-0.0296945, -0.0997494
-0.0296918, -0.0997467
-0.0296891, -0.099744
-0.0296864, -0.0997412
-0.0296836, -0.0997385
-0.0296809, -0.0997358
-0.0296783, -0.0997331
-0.0296756, -0.0997305
-0.029673, -0.0997279
-0.0296705, -0.0997254
-0.0296681, -0.099723
-0.0296658, -0.0997206
-0.0296637, -0.0997185
-0.0296616, -0.0997165
-0.0296596, -0.0997144
-0.0296577, -0.0997126
-0.0296559, -0.0997108
-0.0296542, -0.0997091
-0.0296524, -0.0997073
-0.0296505, -0.0997054
-0.0296484, -0.0997033
-0.0296463, -0.0997012
-0.029644, -0.0996989
-0.0296417, -0.0996966
-0.0296394, -0.0996943
-0.0296371, -0.0996919
-0.0296347, -0.0996896
-0.0296324, -0.0996873
-0.0296301, -0.099685
-0.0296279, -0.0996828
-0.0296257, -0.0996806
-0.0296236, -0.0996785
-0.0296215, -0.0996764
-0.0296195, -0.0996743
-0.0296171, -0.099672
-0.0296146, -0.0996695
-0.0296119, -0.0996668
-0.029609, -0.0996639
-0.029606, -0.0996609
-0.0296029, -0.0996578
-0.0295997, -0.0996546
-0.0295965, -0.0996514
-0.0295933, -0.0996482
-0.0295901, -0.099645
-0.0295868, -0.0996417
-0.0295836, -0.0996385
-0.0295804, -0.0996353
-0.0295772, -0.0996321
-0.0295741, -0.099629
-0.0295711, -0.0996259
-0.0295681, -0.099623
-0.0295651, -0.09962
-0.0295623, -0.0996172
-0.0295597, -0.0996145
-0.0295571, -0.099612
-0.0295546, -0.0996095
-0.0295523, -0.0996072
-0.0295501, -0.099605
-0.0295478, -0.0996027
-0.0295454, -0.0996003
-0.029543, -0.0995978
-0.0295404, -0.0995953
-0.0295378, -0.0995926
-0.0295351, -0.09959
-0.0295324, -0.0995873
-0.0295297, -0.0995846
-0.029527, -0.0995819
-0.0295243, -0.0995792
-0.0295216, -0.0995765
-0.029519, -0.0995738
-0.0295164, -0.0995713
-0.0295138, -0.0995687
-0.0295113, -0.0995662
-0.0295086, -0.0995635
-0.0295057, -0.0995606
-0.0295027, -0.0995576
-0.0294995, -0.0995543
-0.029496, -0.0995509
-0.0294927, -0.0995476
-0.0294891, -0.099544
-0.0294855, -0.0995403
-0.0294818, -0.0995366
-0.029478, -0.0995329
-0.0294743, -0.0995291
-0.0294705, -0.0995254
-0.0294667, -0.0995216
-0.029463, -0.0995179
-0.0294593, -0.0995142
-0.0294556, -0.0995105
-0.029452, -0.0995069
-0.0294485, -0.0995034
-0.0294451, -0.0995
-0.0294417, -0.0994966
-0.0294384, -0.0994933
-0.0294352, -0.0994901
-0.0294323, -0.0994872
-0.0294294, -0.0994843
-0.0294266, -0.0994815
-0.0294239, -0.0994788
-0.0294211, -0.099476
-0.0294182, -0.0994731
-0.0294152, -0.0994701
-0.0294121, -0.099467
-0.029409, -0.0994639
-0.0294058, -0.0994607
-0.0294026, -0.0994575
-0.0293994, -0.0994543
-0.0293962, -0.0994511
-0.029393, -0.0994479
-0.0293898, -0.0994447
-0.0293866, -0.0994415
-0.0293835, -0.0994384
-0.0293804, -0.0994353
-0.0293774, -0.0994323
-0.0293745, -0.0994294
-0.0293716, -0.0994265
-0.0293684, -0.0994233
-0.029365, -0.0994199
-0.0293614, -0.0994163
-0.0293576, -0.0994125
-0.0293537, -0.0994086
-0.0293497, -0.0994046
-0.0293457, -0.0994005
-0.0293415, -0.0993964
-0.0293374, -0.0993923
-0.0293332, -0.0993881
-0.029329, -0.0993839
-0.0293248, -0.0993797
-0.0293206, -0.0993755
-0.0293165, -0.0993714
-0.0293124, -0.0993672
-0.0293083, -0.0993632
-0.0293043, -0.0993592
-0.0293003, -0.0993552
-0.0292965, -0.0993513
-0.0292927, -0.0993476
-0.029289, -0.0993439
-0.0292855, -0.0993404
-0.0292821, -0.0993369
-0.0292787, -0.0993336
-0.0292756, -0.0993304
-0.0292723, -0.0993272
-0.0292689, -0.0993238
-0.0292654, -0.0993203
-0.0292618, -0.0993167
-0.0292582, -0.099313
-0.0292545, -0.0993094
-0.0292507, -0.0993056
-0.029247, -0.0993019
-0.0292433, -0.0992981
-0.0292395, -0.0992944
-0.0292358, -0.0992907
-0.0292321, -0.0992869
-0.0292284, -0.0992833
-0.0292247, -0.0992796
-0.0292212, -0.099276
-0.0292176, -0.0992725
-0.0292142, -0.0992691
-0.0292105, -0.0992654
-0.0292067, -0.0992616
-0.0292026, -0.0992575
-0.0291985, -0.0992534
-0.0291942, -0.0992491
-0.0291899, -0.0992448
-0.0291855, -0.0992403
-0.029181, -0.0992358
-0.0291766, -0.0992315
-0.029172, -0.0992269
-0.0291674, -0.0992223
-0.0291627, -0.0992176
-0.0291581, -0.099213
-0.0291535, -0.0992084
-0.0291489, -0.0992038
-0.0291443, -0.0991992
-0.0291398, -0.0991947
-0.0291354, -0.0991902
-0.029131, -0.0991858
-0.0291267, -0.0991815
-0.0291225, -0.0991773
-0.0291183, -0.0991731
-0.0291143, -0.0991691
-0.0291104, -0.0991653
-0.0291066, -0.0991615
-0.0291029, -0.0991578
-0.0290993, -0.0991541
-0.0290955, -0.0991504
-0.0290916, -0.0991464
-0.0290875, -0.0991424
-0.0290834, -0.0991383
-0.0290791, -0.099134
-0.0290748, -0.0991297
-0.0290704, -0.0991253
-0.029066, -0.0991209
-0.0290616, -0.0991165
-0.0290572, -0.0991121
-0.0290528, -0.0991077
-0.0290484, -0.0991033
-0.029044, -0.0990989
-0.0290397, -0.0990946
-0.0290355, -0.0990904
-0.0290313, -0.0990862
-0.0290272, -0.0990821
-0.0290231, -0.099078
-0.0290187, -0.0990736
-0.0290142, -0.099069
-0.0290094, -0.0990643
-0.0290044, -0.0990593
-0.0289994, -0.0990543
-0.0289942, -0.0990491
-0.028989, -0.0990439
-0.0289837, -0.0990386
-0.0289784, -0.0990333
-0.0289731, -0.0990279
-0.0289677, -0.0990226
-0.0289624, -0.0990173
-0.028957, -0.0990119
-0.0289517, -0.0990066
-0.0289464, -0.0990013
-0.0289412, -0.0989961
-0.028936, -0.0989909
-0.0289309, -0.0989858
-0.0289258, -0.0989807
-0.0289209, -0.0989758
-0.028916, -0.0989709
-0.0289113, -0.0989661
-0.0289066, -0.0989615
-0.028902, -0.0989569
-0.0288976, -0.0989525
-0.0288933, -0.0989482
-0.0288891, -0.098944
-0.0288847, -0.0989396
-0.0288803, -0.0989352
-0.0288757, -0.0989306
-0.0288711, -0.0989259
-0.0288664, -0.0989212
-0.0288616, -0.0989165
-0.0288568, -0.0989117
-0.028852, -0.0989069
-0.0288472, -0.0989021
-0.0288424, -0.0988972
-0.0288375, -0.0988924
-0.0288327, -0.0988876
-0.028828, -0.0988828
-0.0288232, -0.0988781
-0.0288185, -0.0988734
-0.0288139, -0.0988688
-0.0288093, -0.0988642
-0.0288048, -0.0988597
-0.0288004, -0.0988553
-0.0287956, -0.0988505
-0.0287906, -0.0988455
-0.0287855, -0.0988403
-0.0287801, -0.098835
-0.0287747, -0.0988295
-0.0287691, -0.098824
-0.0287635, -0.0988184
-0.0287578, -0.0988127
-0.0287521, -0.0988069
-0.0287463, -0.0988012
-0.0287405, -0.0987953
-0.0287347, -0.0987895
-0.0287288, -0.0987837
-0.028723, -0.0987779
-0.0287173, -0.0987722
-0.0287115, -0.0987664
-0.0287058, -0.0987607
-0.0287002, -0.0987551
-0.0286947, -0.0987495
-0.0286892, -0.0987441
-0.0286838, -0.0987387
-0.0286785, -0.0987334
-0.0286733, -0.0987282
-0.0286682, -0.0987231
-0.0286633, -0.0987182
-0.0286584, -0.0987133
-0.0286536, -0.0987085
-0.0286488, -0.0987036
-0.0286438, -0.0986987
-0.0286387, -0.0986935
-0.0286334, -0.0986883
-0.0286282, -0.0986831
-0.0286229, -0.0986777
-0.0286176, -0.0986725
-0.0286122, -0.0986671
-0.0286068, -0.0986617
-0.0286014, -0.0986563
-0.028596, -0.0986508
-0.0285906, -0.0986454
-0.0285852, -0.0986401
-0.0285798, -0.0986347
-0.0285745, -0.0986294
-0.0285692, -0.0986241
-0.028564, -0.0986189
-0.0285589, -0.0986138
-0.0285538, -0.0986087
-0.0285488, -0.0986036
-0.0285435, -0.0985984
-0.028538, -0.0985929
-0.0285324, -0.0985873
-0.0285267, -0.0985816
-0.028521, -0.0985758
-0.0285151, -0.0985699
-0.0285093, -0.0985642
-0.0285032, -0.0985581
-0.0284972, -0.098552
-0.028491, -0.0985459
-0.0284849, -0.0985397
-0.0284787, -0.0985335
-0.0284725, -0.0985274
-0.0284663, -0.0985212
-0.0284601, -0.098515
-0.028454, -0.0985088
-0.0284478, -0.0985027
-0.0284418, -0.0984967
-0.0284357, -0.0984906
-0.0284297, -0.0984846
-0.0284239, -0.0984787
-0.0284181, -0.0984729
-0.0284123, -0.0984672
-0.0284067, -0.0984616
-0.0284012, -0.0984561
-0.0283958, -0.0984506
-0.0283905, -0.0984453
-0.0283853, -0.0984401
-0.0283801, -0.098435
-0.0283748, -0.0984297
-0.0283694, -0.0984242
-0.0283638, -0.0984187
-0.0283581, -0.098413
-0.0283523, -0.0984072
-0.0283464, -0.0984013
-0.0283405, -0.0983953
-0.0283345, -0.0983894
-0.0283285, -0.0983833
-0.0283224, -0.0983773
-0.0283164, -0.0983712
-0.0283103, -0.0983652
-0.0283043, -0.0983592
-0.0282983, -0.0983531
-0.0282923, -0.0983472
-0.0282863, -0.0983412
-0.0282805, -0.0983353
-0.0282747, -0.0983295
-0.0282689, -0.0983238
-0.0282633, -0.0983181
-0.0282577, -0.0983125
-0.0282517, -0.0983066
-0.0282456, -0.0983005
-0.0282393, -0.0982941
-0.0282328, -0.0982877
-0.0282262, -0.0982811
-0.0282195, -0.0982744
-0.0282128, -0.0982677
-0.028206, -0.0982609
-0.0281992, -0.098254
-0.0281923, -0.0982471
-0.0281854, -0.0982402
-0.0281784, -0.0982333
-0.0281715, -0.0982264
-0.0281646, -0.0982195
-0.0281577, -0.0982126
-0.0281509, -0.0982057
-0.028144, -0.0981989
-0.0281372, -0.098192
-0.0281305, -0.0981853
-0.0281238, -0.0981787
-0.0281172, -0.0981721
-0.0281107, -0.0981656
-0.0281043, -0.0981592
-0.0280979, -0.0981528
-0.0280917, -0.0981466
-0.0280856, -0.0981405
-0.0280796, -0.0981345
-0.0280737, -0.0981286
-0.028068, -0.0981229
-0.0280621, -0.098117
-0.0280561, -0.098111
-0.02805, -0.0981049
-0.0280439, -0.0980987
-0.0280376, -0.0980925
-0.0280313, -0.0980862
-0.028025, -0.0980798
-0.0280186, -0.0980734
-0.0280121, -0.098067
-0.0280057, -0.0980606
-0.0279993, -0.0980542
-0.0279929, -0.0980477
